vpop_id,resim_candidate_rank,candidate_id,seed,efast_eval_idx,parameter_block,sample_in_block,Bpbo_perml,Bpbref_perml,Cl_tdb,IL6_tiss_contribution,KBp,KBp2,KBp3,KTrp,KTrp2,KTrp3,Vpb,Vtissue,Vtissue2,Vtissue3,fTap,Trpbo_perml,Trpbref_perml,Cld_tdb,KdrugB,KdrugactT,KmBT_act,Km_tdb,Kptumor,S,Vc_tdb,Vm_tdb,Vp_tdb,Vtumor,fAICD,fBexit,fBkill,fKmTB_kill,fTa0apop,fTa0deact,fTact,fTadeact,fTaprolif,fTrapop,fa0,fapop_v24,fbio_TDB,fdrug,finj,kBapop,kBkill,kBprolif,kBtiss3exit,kTaapop,kTact,kTaexit,kTrexit,kabs_TDB,ndrugactT,nkill,tumor_burden_factor,BT_ratio_tumor_init,kBtumorprolif,kIL6prod,thalfIL6,dummy_null_1,dummy_null_2,dummy_null_3
1,29,20260504__249071__61__3311,20260504,249071,61,3311,381736.87034169695,721951.8659024766,4.078627935109832,0.0012409211584311,157.2127934702481,3.2904020602208384,111.1906366230177,61.10810552349182,0.1638119847126145,364.4295067650134,1083.3880741160165,26.111332500528867,154.43530165739736,1.733545921717003,1.6248798394393749,1092950.8823525268,582377.0634643034,24.967048816496327,4.296290154261032,88.81733856173588,0.6347540994149448,4.748945345833007,0.2002836212064381,1.1865832134355092,35.02199451853801,199.7133218708169,140.96970467312832,14.61302686873845,1.4788735880061137,0.3744894798161098,0.3638192853257261,2.3377700131605224,1.0869204747105647,0.3413211209615859,0.4294530484722604,0.0034001317070562,2.091782442185408,0.1204440403911254,0.0758881777099175,0.2711455335887314,0.1097736173467631,3.991931767532108,0.1961687878747023,0.0277768259141126,74.84507822543385,0.1109714980687655,0.0383181803805236,0.0878691880697073,1.898881690194561,0.4793195605151443,0.0823759805717565,1.225474377975744,0.9341119192177502,1.415959575505656,1.3538544664112633,5.020200269563006,0.0567402793366916,4.285453056820955,6.812218755624352,0.9729950914112668,0.5729033460887301,0.5729033460887301
2,175,20260502__114311__28__3719,20260502,114311,28,3719,620918.6742105389,300534.23050122865,4.147232748867396,0.0011524562715742,565.2716720839214,13.61497973392805,511.4782840872861,29.739346878504943,61.44849685240575,241.29696957886097,946.5299249227616,114.34679924120246,22.222875909919143,387.4699092683365,1.6560759884977283,1749162.5898751074,699501.362832498,24.80547861591773,1.6111565587581778,100.28744508248391,0.1067519020731117,5.2204413364149085,0.0834254451815785,1.141020379659152,35.54927571676677,45.54939496934966,138.3252123513342,37.51413843394258,1.038348681101492,0.6328833390105547,0.1149568853161285,5.26826728642482,1.2019966765683276,0.3785204433155799,0.3982789747840626,0.0049852921292606,2.050203818140328,0.1865246261647856,0.0584695379068862,0.7275509491478521,0.4494069305112925,2.984589175669074,0.770383306317231,0.0245216032414784,239.9378503889528,0.1146534613381684,0.0392169276281265,0.0884776813300967,4.953717560858853,0.133495464554621,0.2575114139909691,0.1380692961929923,0.8849633148295712,1.2569356999166337,0.787121261647852,12.264793422089484,0.0224138923721771,3.8590604547511385,5.189921164433384,0.6494021758521545,0.1259646758521607,0.7870974883521588
3,214,20260504__251748__62__1892,20260504,251748,62,1892,325897.9076075507,762629.6326980441,2.8662865866526244,0.0006097107403367,227.2864663940798,43.29196708409312,75.69465543737057,84.64308139688431,8.348364146610903,52.04606222396792,1217.1069581140227,70.56581388563413,1.0654543064682631,48.28230804110368,2.487252282868404,553182.8433566727,1176135.675323803,24.80884394726151,1.531866234968528,92.72677536776544,0.4611725198360503,4.899981266420221,0.2422235021168458,1.344009413589886,35.30274618735,93.9582139223606,165.0195706545001,3.214818382262287,1.216872502833317,0.946873612737048,0.182143701907111,2.2535494433564507,1.975378141276484,0.0107579806345865,0.4038978319501027,0.0047965620176264,2.03717909616382,0.1262535059775281,0.3846018959855269,0.4342422839747188,0.1534194733651689,5.007304446825329,0.2761075113099004,0.0217220302852527,126.8569746648488,0.1996178316777334,0.031819038001278,0.3138587473931153,3.368264243827069,0.146021056914325,0.4928103275933865,0.8608688850646058,0.8150070119550564,1.6967317694113482,1.1217422839747186,4.102683835845282,0.1022220558412921,6.43122163349206,5.249078362653435,0.5979842785252789,0.7120743152247206,0.7120743152247206
4,264,20260502__38939__10__2075,20260502,38939,10,2075,300544.3486449812,345983.4172833363,2.3444634252200967,0.0023278199632815,46.51232458991103,70.84783555172677,361.7737791132085,239.9287037884431,480.6678555712091,202.4903252775674,3120.093702631316,102.13585162697056,61.14245994227326,35.03436842126354,1.8682764144103856,819528.3869652757,711897.197821029,24.2867084590881,1.409890924551903,56.02285913515176,0.1416195322056547,5.025207463215257,0.1620847112534205,1.2027393344756154,36.08297128841649,153.2057535220761,162.31395100729324,75.33172674226796,1.4770944237890482,0.8439344520837406,0.5547894914813373,4.264522536159846,1.5383457641733702,0.0174642646487759,0.3855460794393036,0.0009911489440548,2.010246732613962,0.1017590523689038,0.0038614622929335,0.2334108361890379,0.200984001713423,2.299692360245729,0.3554623835249108,0.0266505146118903,74.1746043512712,0.511165859712613,0.0408067770105794,0.4079700017283206,6.247472895430224,0.5194982194077501,0.2769039226726636,0.6603342043353477,0.8740209577621922,1.275939107950566,0.6542844763109628,4.509577776366498,0.0092303754283556,1.590310876723701,12.07202368142788,0.3916139611890376,0.4931764611890392,0.6074342736890382
5,304,20260504__193571__48__1059,20260504,193571,48,1059,287077.7183240946,345112.411533393,1.744794577801225,0.0004238356005153,9.817610754652614,3.663556298289908,214.6421108309821,13.664533658804595,49.35422832639452,217.51770983324096,4743.903199612932,128.81133989311652,115.8071652462594,315.53916160483647,2.146804359101299,1334510.0215871227,820820.270542513,24.577016754779912,1.7313487463914194,71.83128206136129,0.1165907746161029,4.793738062119652,0.1212693810796696,1.0651754720940187,35.9140738195684,80.7109689598293,156.41548756576896,15.738781656625696,1.4716885318893211,0.8170590080518555,0.6810124785075596,9.246291261820286,1.6270738832779876,0.1756234065209738,0.4338344094293814,0.0026521034738247,2.0190624842700857,0.1312647257264955,0.002466065882563,0.094873819764958,0.153427270641021,1.255870244935452,0.2974990308163848,0.0234067305523503,48.575459347040905,0.2182836394041547,0.0399993567325854,0.1518252350057708,5.893472044258311,0.7666455655030326,0.9815452886928204,0.9175889726709456,0.9576466389529878,1.4528307813187924,1.07045975726496,7.728984317679067,0.0529029479647417,1.0055584202222003,7.676765615815073,0.2156730552350636,0.0828605552350494,0.4334464927350426
6,344,20260503__72427__18__2795,20260503,72427,18,2795,273663.26848947024,810931.1227288591,1.7653176874571028,0.0170222930995081,8.789526347529593,134.64783487178835,195.0126715339562,35.422461405726935,25.03078609233092,120.396291654042,3036.0673683440164,13.324730754612306,234.5959331461537,1.019594737088118,2.5964647915069787,655655.8530462951,1036951.7110454744,24.413814559243363,2.8710640835026124,76.7310281794008,0.3133871588777219,4.878580556395789,0.5060759907989967,1.0203896325935553,36.71776511504133,51.59166152458437,163.4785910638424,7.438398015410025,1.3231483033775058,0.6643665597132851,0.2869557826949774,6.614626576790046,1.2704753797179136,0.9148198259366098,0.2766432661018978,0.0039736452175805,2.0126493463872928,0.1602346231016119,0.0111816761137203,0.40996341851611,0.3024594488903359,1.4968253034360317,0.4971436470549815,0.020251977935161,147.40151763845552,0.0777294226188304,0.0401062772911772,0.1299706974478091,5.258920195673121,0.3910502530583444,0.2357107171817519,1.0420668390774477,0.8683208087032211,1.9384249297213167,0.6492212310161144,54.34107299672485,0.0064742372225815,5.993335973895491,10.569903560494424,0.4861352935161261,0.4279272064838952,0.2937524810160987
7,398,20260503__8607__3__415,20260503,8607,3,415,269760.27427301137,393892.8642987304,4.452734743066492,0.0027348344266497,2.093094886786004,378.3616040705948,210.50408692253475,51.9210288338231,415.1373465640886,79.06810815750065,663.9481611289664,15.7001087315089,2.3885394241120075,65.93981167042452,1.472085198541924,1715848.3635277927,1371213.233821656,24.545938202465784,7.154428319044213,51.31449484151533,0.2194340743298916,5.151707096034385,0.0559106107044253,1.342653087667098,35.84339999011858,149.85089478643317,167.77951188870287,3.4724884642230847,1.3246070541986288,0.3997748322255337,0.1646680976676202,4.006143200294303,1.2240923345819468,0.7625183158640726,0.6210902448245517,0.0026211332791611,2.096146150518216,0.1087703218332237,0.0268719053640047,0.3488202191677861,0.0203953684993319,4.288142829511042,0.2526568961907782,0.0277813290583223,111.42526032501348,0.1231680861677369,0.0379686416516544,0.0744812659809231,1.930764290566213,0.3745963823156975,0.0713474865416066,1.3551451818348934,0.917029668833555,1.6064367939372266,1.478328218332202,6.440412997167698,0.0812707171248376,2.0801097010267093,6.986835173757879,0.7140545941678016,0.3312420941677955,0.8494219683322476
8,560,20260504__206111__51__1311,20260504,206111,51,1311,322483.6754034974,911981.8159619636,2.230163706341417,0.0094207064004371,19.358618812528498,78.26132772854889,218.6401697985225,31.591588971079016,21.12792357857472,134.46282652380967,2032.184023680268,19.66229842956804,278.392288533892,3.016828206692642,3.458776466526861,537153.0397918184,1533764.479637979,24.231647435005808,5.235326966859986,66.03666724453085,0.2991107829628598,5.059702600217699,0.1816372685038157,1.1808814822317135,35.54224537281888,122.57421683280836,121.3392753381328,25.60434445712378,1.026181516139591,0.829620017388191,0.1183852118293565,9.038782905385546,1.203060224422782,0.5672055161425894,0.392428346421991,0.0039596845971035,2.047830077166405,0.1665960356920706,0.0484317157186458,0.5399837944207153,0.4219081608475653,2.154326172038352,0.6747716543812984,0.0228803066942071,213.88144118028,0.0766840001866248,0.0401077904886278,0.0658099754522676,6.122643828509047,0.1484983910821481,0.0504796716448138,0.9337116871890012,0.8431751161158569,1.553354427283847,0.8418521430792938,13.86648402263708,0.0701743058368927,2.144071633316469,33.00249019698682,0.1630306694206971,0.7197818305793028,0.0370541069207061
9,573,20260502__84156__21__2236,20260502,84156,21,2236,294886.89109798736,583459.2907934475,3.100579342725424,0.0007585918357626,814.7753178232235,6.157833731464794,206.9058328412564,94.49362404557932,0.0496892234307359,330.60265094535674,225.1725354365481,24.85692794005666,124.83150985002466,1.5954587630325463,2.6949936567604635,1032291.760611232,756653.0868295685,24.975663817079223,1.7637910668135008,96.57361372920808,0.2416731782437862,5.3247227429820985,0.0746559777691638,1.382236093425674,35.55881500925575,107.6613013906072,158.34477674286882,1.3187571950464745,1.3929039320189012,0.5100103466298265,0.2201898343889268,6.845818669119108,1.106950817623093,0.1414041341767632,0.5379041763639973,0.0013453339803209,2.105950767882803,0.1178687110185814,0.0420890638111889,0.6264410164358146,0.0624166401385124,5.563560003422545,0.2206613001224395,0.0247805117106418,85.29417873641681,0.0541619820539249,0.038368426162956,0.146803020572605,2.0448130520559893,0.7539261522536607,0.0683409608871161,0.96184976448986,0.9164991407871632,1.2598210355391983,1.4697503898141837,7.469450666523262,0.0782994725346275,5.65092071851885,6.330535436112235,0.8960199210641906,0.3735113289358164,0.4482660148141905
10,638,20260502__31776__8__3104,20260502,31776,8,3104,742722.2594610667,878480.532998295,2.69431626415656,0.0014898505776657,7.701153227780935,14.79545312944937,525.6918369290529,21.65313273355295,82.01195518713635,76.59947065788674,54.52578931779851,48.99057237651453,63.62820039543202,64.55785011219284,2.074422569702612,563869.722879766,666936.4872091622,24.87055412204152,9.313883230149116,81.92386030616744,0.1726924484579353,5.091515757425519,0.2104662518965503,1.3535944931426438,36.35794861948476,26.85234699060055,110.35341772284713,18.2525862488352,1.3736227094577622,0.6527018538132976,0.3096847549617973,1.3973675126673757,1.2714660755941156,0.510392851029893,0.9676403117984046,0.001700204601783,2.023208400057802,0.1417283298393377,0.0390864168829519,0.8253924828566017,0.4225792397139575,1.1344903643486082,0.1129862216926938,0.026892559546434,94.83187055020127,0.2154070847229799,0.0347555868426726,0.0936752969276789,2.1015964645551537,0.9219648353562132,0.7746923627249843,0.3940260384992656,0.8320706840713226,1.4900283680867812,1.096970798393409,39.782140183099,0.0968557474284909,1.0253190022697698,7.128992018875622,0.7478497046433947,0.8689434546434005,0.4948260766066201
11,672,20260502__224224__55__3040,20260502,224224,55,3040,397415.3584980889,475175.3930059072,1.7231805345802198,0.0010116766842391,2.2283135380680346,1.0737083144444346,132.43846547768453,3.803308226259941,6.420653117185886,138.0387006909753,1867.3430679533672,67.68510838152697,350.42257437832194,257.43294692816687,2.713790659318893,1695244.0378408437,1036364.8808903872,24.71337798124172,2.3985833249693167,84.32341746247101,0.1155943552623306,4.938473352475161,0.0789442795356101,1.0094201558774858,35.67378492802979,52.92041699006402,148.37428424948428,8.941237983517707,1.412847610084021,0.7204104408148562,0.8774987072094853,8.469295084745042,1.7307985396208625,0.3453309868095257,0.4938675541800835,0.0031000214890314,2.0280925258799667,0.1393930079056291,0.0024798694846433,0.1678558603062899,0.1122747650662176,1.1139630605899506,0.2589398113095748,0.0228429257719369,36.27357707661498,0.1922718467374962,0.0395188199116309,0.2871917290794283,7.975033420942085,0.9244539992090564,0.3735947472018238,1.135974766928817,0.8912860158112588,1.5965322481717936,0.9478667959437128,7.9755359186338675,0.0538893165459441,1.0113635779856835,7.634795863290889,0.2217925771936931,0.0928863271937088,0.4478667959437129
12,701,20260503__60968__15__3624,20260503,60968,15,3624,316706.68501870014,391180.59895678685,3.948814762018301,0.0042371717206365,8.702770680551714,20.271322168609213,243.4166221995048,16.995721086142215,2.2305376078262524,207.41742667346503,369.986781689264,19.981763115111026,39.35891014119977,116.310622387497,1.6618673521552896,771936.5706070282,624973.4086343638,24.801176290911755,8.371273311055125,63.27905623846003,0.1026875391116889,5.6297560140433935,0.8348385006282888,1.0073420924822818,35.23849956345382,200.2604496406097,160.28607586056356,1.8122220594317329,1.139880379778264,0.8000818435168329,0.4413875458194722,1.8904563051351784,1.4370596912763811,0.0889423627677967,0.4981728402416482,0.0021201379064715,2.061095361117198,0.1502241949955701,0.0138059052437319,0.5714885187942971,0.4342993612765904,1.9303197446115703,0.1593812624245696,0.0271894945629429,133.54695102534566,0.0864142479304114,0.0306047395745125,0.3775001894364674,9.415693517770103,0.1394384692535404,0.0599473007143614,1.380580136188052,0.9667569837411464,1.1122365514430868,0.7399455500443028,49.33917302807486,0.1029485971808603,1.8595676982872416,17.126664629660002,0.69120679370576,0.5388630437057397,0.3825236750442741
13,724,20260504__180454__45__230,20260504,180454,45,230,251682.16923872745,869789.0282944073,4.785678696452079,0.0008738427821956,3.727043606667997,88.68200817277099,305.9323670415733,11.862477881976764,1.0555277176786737,159.16747879117935,467.5990800604898,53.18780066852442,34.271004871295766,6.640794056703368,1.5112757548733795,1504159.8539180334,1490981.735184685,24.2583119649592,1.6384624141741284,129.50008673171072,0.6970493598157368,4.8300053851234654,0.064595313284396,1.3236146706128626,36.45138411235224,61.49789645017979,128.00877221862817,16.65670054584218,1.3067196462052455,0.5697015742265901,0.3033744126120314,2.585546194854259,1.4268590569800743,0.1147377625520561,0.641909702167995,0.0010715505701608,2.0233897236499097,0.1884810979717816,0.2555832245920096,0.0160679265321978,0.0134493496693181,5.472945544816604,0.8380973916460691,0.0218217426096784,230.9421730025197,0.07952245983035,0.0379057510981038,0.280392725780074,2.3853387685498664,0.2693662667120351,0.2260293514821305,0.7375341596450736,0.9157317271935724,1.58385858326541,0.8222202702821524,10.70376878861615,0.116535123520175,7.641042019037002,7.414569628904513,0.1303257390321797,0.975143010967805,0.968795354717806
14,725,20260502__102297__25__3993,20260502,102297,25,3993,586476.2909315352,333936.26733354555,3.929294006025544,0.0015456955209863,421.5737458485439,21.867079998964808,566.1384538928152,46.83868174634722,96.99186108677048,284.883535339599,1182.2084994856605,145.6480998972209,29.455235753532914,417.19195907913326,1.765071124713565,1589191.3085156498,748645.8478925695,24.74886495293709,1.783886427984017,94.9032511703285,0.1035538592392941,5.155510351058263,0.0714109361443762,1.1149085616564292,36.27561002562892,54.207837322090604,119.5555769583355,6.093014220378078,1.00687545035812,0.5958481981860018,0.1327042542815111,4.632907144059128,1.2645360641802197,0.25569193958726,0.4330617602106437,0.0046964554792945,2.0565023561610456,0.1923990154141085,0.0807372450688966,0.787271404141074,0.483887157515346,3.340033964874988,0.877399425814007,0.0251383390414108,175.65692652049657,0.135267123645519,0.038617016695552,0.1011499439367624,4.383025719231203,0.1528486525539562,0.2187644239337757,0.0462575342024409,0.8746417808282114,1.1921763300207076,0.7364901541411181,10.018387773754975,0.0149657106211659,3.2207788334603014,5.62296197263495,0.5799160958589322,0.1736660958589163,0.7166348458589438
15,781,20260504__127122__32__146,20260504,127122,32,146,269708.3375520846,508154.9813067244,1.815148059750073,0.0065660658467646,10.9987306314234,357.136545021129,215.90121246905315,233.5172517275805,43.87531812631045,235.9644849686409,4188.679575267832,34.65245748631644,147.1168897452791,5.24421580485788,2.306702031812979,545659.7705400708,902287.7635151627,24.286678484326664,2.048137060901709,77.56374922202208,0.1037299379829582,5.276846988647754,0.0870309389615859,1.3005665323562234,35.69174958461024,202.46627777379723,147.58925975599982,48.16307569822109,1.395537412546363,0.6714326791133575,0.9987647494364136,1.1315204949769768,1.442379024447508,0.2459068001333595,0.3441321358645413,0.0029665511580472,2.0028518220506006,0.1389696950359454,0.0053060128226676,0.1860836691094241,0.2281935485343285,1.0330297923151528,0.3836505826857366,0.022211428933906,83.43136699590426,0.1533892642900561,0.0409027866710462,0.2287880891607392,6.297338638749756,0.7032153593907516,0.2907064699186207,1.3501655742531933,0.8795995463218904,1.7672493514497252,0.6943844503594581,21.23071040858281,0.0013843246335804,2.5423174056472684,9.834155704841905,0.1499508566094475,0.416455393390524,0.0536624246405464
16,960,20260503__212365__52__3469,20260503,212365,52,3469,300743.6084332891,563643.9370912131,2.3371125813880806,0.0091217537467261,44.84049838557497,554.9222421599277,354.9164397293801,123.43326535655994,428.95263647090127,182.3809667226656,1924.3905903100697,22.950331558015662,34.16115423122541,2.33171778313341,1.6485458625005405,556064.7276152922,627263.7161997181,24.410328982488608,1.439717040740499,90.23719209613438,0.1675583575552417,5.4410275561311305,0.2075339637534672,1.3712899463800536,36.22462307389123,182.0835159185713,167.17892442935488,19.58789503439876,1.4404554447477658,0.5361362746948468,0.4713436211980903,1.6603996534004577,1.4691955022218113,0.0010518795869255,0.3523577297124332,0.0010278430797508,2.0036745704592853,0.1418459240950144,0.0053506005796981,0.6313498659501633,0.2346692945700849,4.782844525045155,0.4017964691061352,0.0294286888404983,98.3844971500726,0.3432563281416568,0.0406723389745482,0.1810347174575794,5.644372920902363,0.2326768922405167,0.2434702428421614,0.7280304373302678,0.8182612768099657,1.3495891585555042,0.6215842409501546,5.7072562808714125,0.0501712298925261,1.2823650372196225,28.474100153398723,0.3071311159501357,0.7602561159501406,0.5200217409501914
17,1044,20260504__163391__40__3647,20260504,163391,40,3647,344055.15280031686,481326.1649997054,2.864320566100391,0.0011183125890961,175.46821373708923,592.9782301490725,63.45304102786892,5.238958784956118,26.80321409378975,147.17460417273858,579.302386762328,104.85033269711576,2.971211060725766,1.455826300822345,3.3797329582305005,1274414.9703835896,809490.8934321239,24.6594766286476,2.8705961041575847,61.66174128572975,0.5618522840170549,5.603352802169098,0.076392554831035,1.1534704761554673,36.05707591235818,74.55517888760357,152.57475983521914,66.98015231081357,1.032089300564332,0.4048260085008794,0.6308375837322264,3.611852942656924,1.4735607645685405,0.1320550863901969,0.3638060321659107,0.0001421659230566,2.105366941806196,0.1763784747111337,0.0083429565518746,0.1698090028886075,0.3005182142331937,2.419717718218936,0.1715883792546611,0.0278797306538866,232.3006460679208,0.057448802985825,0.033242899031775,0.2565071304701891,2.736674443501333,0.4163955242442125,0.5795728027872165,0.2148064584559577,0.817750863077724,1.891787558939361,1.1465972471114223,12.33303394404227,0.0927076785582911,2.582373930054279,7.258874645564901,0.9051605653885776,0.8526519346114042,0.1698090028886075
18,1057,20260502__114624__28__4032,20260502,114624,28,4032,502366.49891457503,714311.2083842595,1.584850384554204,0.0012776782925816,17.114872324363365,2.8475210501129573,452.9943909396758,48.33398706534888,16.24604297360407,411.60956791668775,105.65118806290006,32.90683040842212,4.728094330555495,1.0340189611365382,2.600540769998578,953737.664973812,1557923.7925449987,24.938813576855257,2.708863600045896,99.11245042532713,0.1220168553017653,4.889763741710079,0.2688712118819551,1.1230516296591546,36.74086751364173,162.83259809435364,142.8499291482092,23.98054446022175,1.3834218267109926,0.354585355877157,0.204655428865475,2.5312334391225613,1.1522650421816918,0.3902512058647477,0.5822660210281085,0.0033788468167604,2.0985456150153228,0.1215320144602119,0.0266812849113894,0.2451290741478887,0.0052663055112734,3.698718322913657,0.282925467968218,0.0283397248835213,167.97295776114026,0.1339909590439547,0.036901724715623,0.0732400907762011,1.464610451557606,0.3873186896141816,0.1118028256913071,1.3890458586929395,0.9507836273295852,1.5443697819478357,1.285632644602139,4.952149363513198,0.0487775138778197,2.7928074162411507,7.685380468235826,0.8496212616479317,0.5957150116478844,0.6899295196021327
19,1164,20260504__204710__50__4006,20260504,204710,50,4006,569221.8152598353,931740.6610960877,2.3452362869410903,0.0062916659543571,2.0325889105329287,18.93362763253896,82.8908398026838,3.807016665383764,0.986659704808584,53.51622239958968,836.1842994817337,17.78453395355932,188.2912557681312,25.127741898512003,3.2220740515539634,1440734.330112685,1208318.1439860975,24.993334211444623,2.894473015663569,109.84923107803424,0.1336224458638646,5.2326568946123135,0.0669380124759218,1.1032328842805368,35.60878749307659,2.8521005436848963,147.23431700865996,2.899687548035229,1.4131428092501757,0.5619108526286195,0.8396491171933647,5.253314655125444,1.692378839110937,0.7855737474750122,0.4568144038956513,0.0039515438660067,2.0201623783968445,0.1545679866951354,0.0027009751579323,0.3010509607013562,0.179428017329201,1.1102597874961844,0.3496838715242852,0.0218820685179867,83.78613757462865,0.1566950226389411,0.0406377324427143,0.2536814816787507,5.211877725835372,0.5864505191833974,0.7853741373871088,0.6689322824818258,0.966655504640266,1.253884010543656,1.088648616951296,4.139572897449822,0.0516029566052001,1.9656134387119328,6.857255160023652,0.5007068517986888,0.1452381017986623,0.7453357580486508
20,1165,20260502__207786__51__2986,20260502,207786,51,2986,331549.601304614,301951.94576086843,1.5360091050202718,0.0016252069430171,5.141023782470103,41.00189838779215,174.18343226224718,146.71058572462326,20.593137892190875,472.1746770531524,3194.177136082606,90.63965218138992,184.271772018764,27.0772470205493,2.3657320435162266,766978.2453836385,902881.8558507364,24.241762474471955,1.9740187895741623,60.86783618461428,0.1036132406764647,5.090717622385517,0.1026778001285552,1.2320172374532758,35.82301381604209,170.06874522523802,153.44745429352452,89.38032669744521,1.4506315151919391,0.7625354847841679,0.7432394980729782,3.398482448667227,1.6612910680565245,0.0084596264780667,0.4517466124337633,0.0004347454693339,2.0216902367623795,0.1135218874883214,0.0022034199728321,0.3573868436331867,0.143826637429916,2.92813778894892,0.289653667078906,0.028017227811332,46.64684920048703,0.6572281881037353,0.0399683646549654,0.2979619960675409,7.32908159739122,0.3748601590579971,0.1881948791647744,0.9092287314135192,0.8619210687733595,1.4427445347386372,0.5874373751167887,7.394662553258906,0.0202095890449829,1.0460368846839376,15.544093941794868,0.2392227811331991,0.5790665311332012,0.4613907498832079
21,1204,20260504__137690__34__2522,20260504,137690,34,2522,269854.8016617995,286068.4376215281,1.536172774509889,0.0007807160634724,1.8740232612735648,4.7835450538392,87.94578404004147,7.233897622334188,0.2267935465424519,123.34115123739284,181.7578176431805,34.13832804370081,10.177971081658573,28.59969020352022,1.8443542530012,1170121.872190967,1049303.6557287364,24.740259690752143,4.501144021796134,110.92637256806732,0.3830028878653444,5.5578303897585535,0.481313859937547,1.3633005098504307,36.47675562820942,208.1801295957269,167.33679629114164,77.3705306941238,1.4856181686454075,0.867329067142615,0.8895504841257271,6.263640886905159,1.8920734941247792,0.0029536517777428,0.6812200312973841,0.0040085483143696,2.068832786764637,0.1727979194123929,0.0480141513969455,0.6542487253739278,0.3011429852243551,2.933372153713284,0.2680245074772014,0.0250678778787392,7.323398848102713,0.1567866709498528,0.0330878492603632,0.1299048241746012,1.60480959876148,0.2237818802549246,0.0680260870599853,0.2966122780235076,0.8119044325747845,1.1614057871325858,0.5142083058760798,4.85124039804702,0.0131908161939122,1.024915849986876,8.358102858937754,0.0830559621260738,0.2353997121260673,0.1567864308760758
22,1336,20260502__183749__45__3525,20260502,183749,45,3525,840240.471327353,859980.4795727413,3.3295124717837035,0.0114245123766951,12.434775863091604,47.920343062707566,78.83679609748114,8.966207667774748,0.0771981767023392,63.09131731158698,257.07464963931375,11.697006024056147,45.52449198284392,12.230183895114356,3.256941565005673,1239466.7481835226,1644471.701352715,24.922654714476906,4.486598913550771,117.36853969851184,0.2011007198401599,5.317495224171848,0.0680635467195436,1.1349310863966728,35.265220728034805,18.09941329023656,135.44852080350796,2.153560455900679,1.324494609527152,0.5276141578004226,0.8032667382171921,4.682575451607235,1.859207645720524,0.5852126792792229,0.567411750206434,0.0041280448299583,2.0359637691451145,0.1573655840991645,0.0032391914670458,0.3217027159916636,0.0987752454049909,1.1380318701320409,0.2609627582532946,0.0218220353400833,46.675592770420224,0.2918723006914306,0.0347757232490919,0.4229818271896644,4.7966722882341,0.6967310099015109,0.8252468987078889,0.8058525523883291,0.9619967931983328,1.3419171332848712,1.0580308409916457,4.958466410607769,0.0459116573987495,1.6091259816661372,5.938453679400066,0.4322035340083726,0.1978285340083725,0.6841566590083545
23,1377,20260502__209954__52__1058,20260502,209954,52,1058,345460.8099946904,413055.1893558877,1.51394221715106,0.0006813011149864,4.431393091981151,1.777793803727465,167.13866375540945,7.12733135286686,17.86682056116907,174.20621642516707,3041.891231457504,95.44982081133362,191.25845564965647,482.42472204424416,2.372983772511269,1473622.9134787766,900879.7560202136,24.629495869144986,1.9519780503833264,76.2300063985636,0.1055512217293739,4.839431822529623,0.106857837538762,1.049845270140971,35.8536766865023,74.34572754971113,154.78873925524277,14.240434012572134,1.4630758145564011,0.8050875569321475,0.6953183639875627,9.355994323650396,1.627815561034634,0.171809507414329,0.4293037036664268,0.0025947075607379,2.017379870600143,0.1292867293397579,0.0028182120266203,0.0667930746475772,0.1729124364614452,1.3434918344429438,0.3267846233287235,0.023853553628524,63.99503737713879,0.2510421176103843,0.0406305105538767,0.3552278022972736,6.330400969368751,0.8752617905158019,0.2730804855065182,0.7685014142433959,0.9420695524295172,1.3727723764758464,0.9842735433976016,5.892154955676878,0.0387298986971372,1.2909920937433872,5.537445139766644,0.3228553628524059,0.1939491128524215,0.5489295816024257
24,1394,20260503__235513__58__2041,20260503,235513,58,2041,297295.2273642471,310457.6115772803,1.9167355226826444,0.0009556949138008,5.775554503690977,6.35353145856941,126.5767977992623,9.106606924231544,1.0444926839452051,132.0775816727167,363.3959337678388,36.84047087715125,23.013062377481955,31.40812579839141,2.188496925340456,1182758.646963664,1241830.446309121,24.74061180640556,5.681052675129173,110.37380122763687,0.47267890094781,5.543890672021018,0.6485445698315749,1.3546811416412314,36.64090920530348,202.0591300698528,172.72520202492245,91.40486084006474,1.4698282127607698,0.9098454812408316,0.7566972330045372,7.041612884828879,1.8279536979189623,0.2206976392747657,0.7033034950104443,0.0035742982294846,2.072048559965073,0.164845339589692,0.0591125587990119,0.5820471458969207,0.3281345375381526,2.6009697736531496,0.3023323681646819,0.0244923464589692,10.23760856007318,0.1373220764335165,0.0338243936048661,0.1186931943354108,1.9017201096595195,0.2077032539309888,0.0876158737180884,0.2570535042556893,0.8296906791793842,1.1410389042077038,0.5820471458969207,4.657454296149363,0.0023461343845381,1.3623655729475643,5.254287896897166,0.0507653541030789,0.0820153541030792,0.1171716041030789
25,1425,20260503__231400__57__2024,20260503,231400,57,2024,374148.9052506264,428390.07438162144,2.8400837884242685,0.0041179087013442,121.71511657312492,170.74532712906625,491.5323133141552,466.7961821537183,146.9499827844424,302.2688542741961,1023.9084315583996,49.297357024213134,16.1235784654891,9.746761179986432,1.4058283783032528,623183.7862591628,535145.4772431183,24.21038342546381,1.7987097539299062,70.51520332159758,0.2055560488975676,5.194419916134978,0.278730799702749,1.268485329289787,36.39031635596455,186.29136514858723,172.74619673443198,67.21949238890797,1.3995305135136893,0.7239482573096847,0.3947887803316942,3.1528880594644684,1.3962333306655168,0.0074742403875386,0.3214467074553389,0.0004183474463776,2.0027765419492938,0.1123850041974468,0.0072687632541613,0.3313695732244684,0.264739712684681,2.7155144254803867,0.445402228599354,0.0274640863572446,122.74041096436518,0.6198602977307033,0.0402982940695308,0.3560122173374156,5.286867868272106,0.4615351801879498,0.2265254804173918,0.5929185349857445,0.8627299916051063,1.237161877908843,0.6061304267755319,4.102845371175576,0.0774642250461701,1.306787269950425,9.412275707584929,0.3089086357244682,0.4065648857244683,0.5164281669744678
26,1527,20260503__226839__56__1559,20260503,226839,56,1559,303086.1161225667,269045.9828875839,1.953650226633439,0.0006405053890882,6.433897490888158,3.32304841342312,131.58292114280837,4.881309268855228,1.2510809405570469,105.06633664931071,397.9228868373349,26.362874026869108,25.90779357923918,17.144660661549004,2.249640668629949,1034751.2893644222,1279805.588451261,24.661380613571662,5.950197639673467,102.8073426850754,0.4952354412121265,5.452254651415942,0.6982653951623152,1.317669309251406,36.68653858241875,182.649890153244,172.52579501078318,72.09045992482228,1.4561171723176314,0.9959634747232972,0.7085295649829331,8.635658841813404,1.797851692494544,0.4043318874442208,0.6741701722464996,0.0040076492593574,2.0687102111733777,0.1734147039371491,0.0494103172217684,0.6667642268714882,0.3080663486228951,3.0377611988168978,0.2792936758176763,0.0253199860187149,8.391417328675212,0.1704037651026604,0.0334242502455864,0.1406882537948868,1.7461229420122026,0.2455274537727552,0.0777966164975303,0.3674542926200965,0.8218294078743003,1.216817256808464,0.5417642268714984,6.467324616649004,0.0191552590307237,1.0699467877659032,6.056515709492276,0.0930013981285076,0.0070638981284961,0.1603842106284925
27,1575,20260503__50295__13__1143,20260503,50295,13,1143,509878.0978679458,966002.7977578596,5.3559415534837145,0.0033789134794368,36.02472587297401,1.5249777038562946,66.92101997234826,13.064560563829575,1.589629129077584,390.8304481244217,3262.471280765541,59.15289558986932,218.23975212081444,44.00444971582883,1.2171610740957777,598276.8324074728,791680.3221191015,24.460541198105687,6.802210800905522,116.43219787312574,0.4041833933314332,5.417146668953524,0.0995964750547532,1.08458952049124,35.444045383813986,56.819897889643904,156.26683010167804,31.26231592198729,1.3934013073353682,0.7791005704666157,0.2051444342778045,1.9656448426316564,1.1706136652985717,0.0036137774937191,0.6129533875722543,0.0033273966188594,2.092599816680179,0.1855028488728101,0.0176212431770679,0.3755363012280965,0.051240719263144,1.212532635396871,0.3671921484675239,0.0258344807377189,214.4601696607109,0.5928713200411287,0.0352373446260092,0.1597283222642177,1.007730856356947,0.1287830216707118,0.201152389746741,0.7019835532806807,0.99247086475438,1.9814244679675423,1.0581534887280948,20.14161161571081,0.0117991951842134,1.171898167425338,17.8731582064923,0.4193855737718984,0.8803230737718837,0.8988777612719033
28,1605,20260503__39625__10__2761,20260503,39625,10,2761,263204.1775570919,701369.0662352608,1.7649218762214554,0.0051720243738069,4.37041869179172,36.99020885802328,121.56530575619172,19.09450931751116,1.108721957828524,270.028529072964,256.3548971065185,36.600742911500696,5.852725684861236,35.90199419226352,1.3129724100870972,1258815.4517645745,586593.5883887225,24.797378031477013,1.3711211503714156,117.72786654302554,0.1135316654716939,5.656853353430682,0.0793849157150008,1.389836641456864,35.43460194551697,187.5665449721378,131.19911622933253,38.887337317933415,1.2106514104898458,0.7230192679932059,0.3263545307601863,4.123031033047613,1.6150005308886388,0.0376806651887097,0.6537243281392968,0.0021776455182107,2.0830214150139312,0.1345685353642155,0.2480770799666869,0.2558416036421548,0.5777450378147053,1.3603246270706248,0.8856208931097282,0.0207615410364215,123.52352903363224,0.0518394149860313,0.0384431638900637,0.0758441528491297,4.705546930714187,0.184457646815068,0.2785815282699731,0.3965092549009885,0.8996058207284308,1.3899919009061876,0.9081853536421534,16.007285843130514,0.0477512405463201,4.3005572327116655,10.335828882606506,0.6425958963578515,0.1386541036421333,0.7324396463578702
29,1704,20260504__131105__33__33,20260504,131105,33,33,320503.8084615664,381145.4094079641,3.054448248212132,0.0021523010889198,125.5629157165902,209.42334063509185,63.39712270692849,1.8742023726177832,43.24724300347175,214.9133044072121,463.3283968852164,60.1351831445623,3.897447559568977,1.885436015950597,3.584571490743202,1594204.3771012733,762290.8188159298,24.5262415631664,3.129516673028969,74.43879275987544,0.5178963075501537,5.681247568557902,0.067683113954332,1.090432681044036,36.127262069354,107.75817904665595,150.13409316466277,32.70870916500917,1.050715518802771,0.3415130779085552,0.6861487830110501,5.1453899912049295,1.1507678799596424,0.0193918886096172,0.5390210072209813,0.0015258414869494,2.019097839523327,0.1960456702610102,0.3119248379531418,0.2260817026100886,0.2106490215660341,2.565782602051007,0.2417092648027946,0.0275733170261006,142.09010519700456,0.0531228448937097,0.0316275237287105,0.2724646528189082,3.819440265232252,0.3929034105703894,0.3697937795229347,0.2522356163458857,0.8110336594779901,1.916850628360439,1.2895432973899277,11.450588754475085,0.0714122553915143,2.7498132103686763,11.362380195043452,0.8823317026101009,0.9926682973899316,0.1479567026100513
30,1752,20260504__115833__29__1145,20260504,115833,29,1145,261829.7110368463,501457.9805464882,2.9554413257882994,0.0198592042990052,756.4800449484037,25.40649835714848,180.5176369857391,1.0615971519546792,0.0239323346925037,153.26583825888673,478.0710319494449,197.9118312906245,376.9347120365408,25.531321922929365,1.926990038434253,517807.14549077326,501457.9805464851,24.560805799219537,3.595063596159224,127.43578520160868,0.7079941021432836,5.266222896704646,0.2301435539962046,1.0163473557978122,35.02407385830029,96.5077764271586,140.62866144378106,79.91682489902793,1.4553329416712204,0.976810515031907,0.3569333593860267,3.3515321478357305,1.057566763894925,0.0012230632544543,0.4598389956583845,0.0023347205525273,2.099183575713579,0.1963037860505468,0.0460859578584898,0.540868389494536,0.0432710336967163,1.0865443023789336,0.2654454958441445,0.0245131911050547,175.642329574657,0.6092933598009533,0.0364222085344397,0.1966819700044177,1.222031092762509,0.1395964951578087,0.1596517448315831,0.609971754707666,0.980888822101097,1.9336295882718064,1.0994621394945376,22.202566378288964,0.0155052584241785,1.2221766178396507,17.41862870347812,0.4200691105054594,0.8888191105054681,0.9161628605054736
31,1841,20260504__52211__13__3059,20260504,52211,13,3059,451116.8461850804,486647.1688722937,1.5829039295878926,0.0005838816908996,10.2266937042948,6.275070227418947,318.95682848277306,64.67262643815904,165.1842183979954,440.8468966452182,462.23244139292166,47.26547742728909,236.25285235107188,2.1483947625385955,1.2661936053047915,717710.4380423019,665310.0849924434,24.704956552133435,4.333586637872127,127.81544753853336,0.6797776058304416,5.316137990402696,0.342760125842033,1.0816427384296656,35.46065393601204,38.09262988227669,117.93341465154784,13.394995062245531,1.2528655381261398,0.9436563613946884,0.7808593976899163,4.666062976823378,1.73738721989958,0.0071694295366125,0.4004511220498479,0.0004931376446291,2.0046576430661376,0.1482416591425819,0.0212177191659966,0.8662056539258169,0.486910892355492,4.016232168011242,0.637812143387474,0.0236621622107418,10.637750386490984,0.0523733954197073,0.030408261244316,0.1419156180356112,2.208321310911951,0.6374806293632603,0.4335024631823772,1.163483959503825,0.9771494942148388,1.462194594042661,1.0019584085741966,4.837843077182894,0.0177254019111244,2.32869752058832,11.63004306720935,0.7040962789258294,0.6494087789258325,0.9121146585741732
32,1884,20260504__100326__25__2022,20260504,100326,25,2022,260278.24971317247,277933.3451098137,1.9257609686614447,0.0012961209239491,17.31234891918052,28.6781018988604,263.9071766203052,104.93110871873505,130.58572624559648,469.74243874958256,3213.7669442186057,107.45096626145762,60.351118911683216,36.50458527686806,1.84246949972279,817615.1589424969,693606.4224313389,24.278419439868163,1.334173095215261,57.487381113477625,0.1518335517401525,5.05126402920687,0.1847432882249088,1.216694980033416,36.2363336767737,140.00263629271052,158.60904177711478,58.75188094997689,1.4920198798790196,0.8874056119960207,0.6108003379373649,4.647794577390876,1.5724519602398732,0.0213489978506527,0.3992361216645888,0.0010950236870823,2.0120348146661446,0.1005116356333539,0.0036830400926759,0.2292374500835396,0.2008237200501239,2.31735543507729,0.3620989736492123,0.0267747963758353,81.30274571305527,0.5399081453255078,0.040922235705331,0.3838004634111847,5.79450790313977,0.4804074655883372,0.2436643213465155,0.5964503823830444,0.8641134474832921,1.2234631915374663,0.5964461436664599,4.275145732935094,0.0191512425125309,1.9156784660951347,15.294062436635985,0.4704483875835401,0.5759171375835398,0.6945694813335396
33,1895,20260502__252195__62__2339,20260502,252195,62,2339,345549.5028289517,601822.8092887244,3.4081532937185663,0.0009701539374701,649.5761482718681,3.177932503932804,210.3727134331681,38.63003590179944,0.0805819064904797,494.5052521525215,147.03418370732703,53.42999457400946,57.70085703266723,3.263909177438744,3.3744721324284863,675375.2348081818,1012141.2858976208,24.68800893804752,1.601250152941465,127.5737019595787,0.182552488729828,5.290210926311366,0.4232247032234991,1.0616852632903544,36.56604239039208,53.6388417061117,139.99417868384705,20.91606262803666,1.032476947450765,0.9284979942286166,0.2197255659552968,3.352022369673047,1.7633401902053198,0.0022606901245886,0.8051517177903799,0.0014457310838705,2.046262610396945,0.1696372779274104,0.0023500732361545,0.8964006582258881,0.2268080425644622,2.4764368222355952,0.6098737862092584,0.0208194753322589,93.3434278205507,0.1179726728707134,0.0344033759904848,0.2848238600708382,1.0159387270145754,0.7461574518480689,0.1625471862087448,0.634257796516247,0.964274555854822,1.0715777232662935,1.2714006582258917,11.81048244077038,0.054626114358884,7.602527932046591,5.73312621593682,0.8241350332258894,0.4502790292741025,0.4502790292741025
34,1942,20260502__41824__11__864,20260502,41824,11,864,285922.21299466456,522722.7623891091,2.093940824579392,0.001690847686161,17.889007561129365,3.709132787323765,232.1246233631743,1.2929013895877413,40.22694383400548,66.2533640617912,4902.611389912739,157.12599090310405,5.542431808403044,307.3693629050352,1.8161645268735933,1430248.9910187698,1169523.7613487977,24.663483923980973,6.3408338192505225,84.51454979667349,0.6363725633852583,5.002062296914286,0.7330017152070651,1.0415345153221631,36.30428171818361,12.664441254253957,146.12511324218107,2.796561010117298,1.2015802681002812,0.509570231976395,0.1745902078705274,3.5518988265351363,1.0799361309081918,0.1387089283184389,0.2813147514070203,0.0043880451209729,2.026362494064629,0.1958816757055408,0.0194825361927098,0.7952425383054058,0.3455107270167725,3.2251310641821966,0.5488143145913207,0.024680941008054,159.58277045815717,0.111683439033723,0.0402676874526094,0.0820546986212524,5.80832879786345,0.1289731313043989,0.2949441087767795,0.2606838838724536,0.8885406951610799,1.367333014135108,0.7791292570553969,18.61852687762629,0.0173332557458091,5.968197877789302,5.824338628164166,0.8404996491946203,0.2115933991946108,0.9959261320553784
35,2322,20260503__160569__40__825,20260503,160569,40,825,785310.5632479156,431121.01451173465,5.302827921874012,0.0009949345823635,333.4125019563672,1.5928166156025934,296.4933085207772,1.721286443571768,4.448802286060388,88.41228365780972,242.8639921806129,28.010359501856914,3.591421027675533,34.08975599186304,1.0732527863237444,1371754.8799191597,579883.5862435029,24.90717911136174,2.2442707073583903,126.21308079609145,0.2318700093202819,5.515689498030696,0.290520825822821,1.2525454583798783,36.3306258352095,99.89596794133692,167.61164626657109,4.188922176140991,1.4632760132869973,0.3931017355143926,0.5915461687872807,1.0215540597227768,1.6234572114727497,0.0032229443905073,0.4676017686754605,0.0016478692702513,2.03090110897067,0.1489730104050296,0.0041307806880764,0.3696448959497191,0.3899318124301743,1.0548252679165635,0.6457175704669442,0.021889488540503,232.7701403669878,0.1256287826589676,0.039566093855447,0.1780784901269141,5.059909553829122,0.5001941995789542,0.2471988866500116,1.1614033956703855,0.8778352291899421,1.9900073912409124,0.7290198959497165,51.06029791895196,0.0103295468924584,6.177027217092928,6.683024953630582,0.529801145949713,0.2514488540502649,0.3696448959497191
36,2344,20260503__31218__8__2546,20260503,31218,8,2546,650981.4762405761,600194.0395994779,4.265214802393014,0.0077372366318716,603.7954099471531,283.3669197794,514.4488587503994,16.904856042855965,460.0866605764816,321.1239378666483,2621.836723675652,71.25435669519209,84.65005331567204,31.811714950227685,2.26384582413496,909077.7956161336,986002.4698056588,24.42377212773689,2.736506860952285,64.43586330464774,0.1600295806704929,4.79367752921042,0.07022043771271,1.02828611690391,35.021576345222414,41.59515758407386,118.73409549816576,4.399301325316298,1.1307597580656104,0.5444997517904389,0.244673190988068,3.738250647947353,1.5238420859377124,0.1242997043119052,0.6067297241831976,0.0041182248987988,2.081095430354536,0.1949133261009774,0.2732060538282763,0.9253784577402182,0.5903833246441267,4.40535025003698,0.7219114440497131,0.0267440189524023,61.40997920914867,0.2128606022119586,0.0366825810038923,0.1486579801717848,3.0087571836548705,0.2296445267638439,0.1359514161067677,0.2414282783363044,0.8462085040480438,1.072692555787483,0.6055542389902205,5.060891242968568,0.0029901063389667,1.7132807748233625,7.937496193681009,0.329504354759777,0.2709106047597753,0.4549926360097756
37,2377,20260503__132419__33__1347,20260503,132419,33,1347,323327.023560037,904655.867085616,1.5245650999872915,0.0076658386016416,2.9729074929967005,41.39351384723242,129.17335485490855,12.71528946687923,3.3560637859222524,86.15574716885001,1059.948706704588,8.686405970196528,164.38145420089077,1.9735007497281047,3.652578305261583,739427.6397275737,1521443.7513410489,24.547726361010497,4.702080086202205,100.2876044131867,0.2458725833182194,5.52477922369312,0.1171327254413715,1.3894586754869915,35.19813936283291,180.94237074189627,113.90577330164813,22.977372905029192,1.11649127148009,0.5820313725066122,0.255411494751443,2.162454913269255,2.0189858601344053,0.0549890230115526,0.3129905485590836,0.0037647178185873,2.0011401427540534,0.192579512621747,0.0055120109095256,0.9013533112825202,0.2138755132304913,3.85928288853004,0.3383068186798716,0.0255565018628251,51.64365804037413,0.1373112874183335,0.0396251526383922,0.0948737143250911,8.809684758298875,0.1329430184907342,0.5043605443283651,0.1900584892044792,0.9212862872565054,1.327275220309605,0.9335798737825172,16.92204468526824,0.0391092466923788,5.622427914362728,6.610867927750085,0.8271623137174524,0.0849748137174762,0.9999861237825368
38,2456,20260504__72185__18__2553,20260504,72185,18,2553,722916.0693553046,754922.298123224,3.162696480803808,0.0044112194099201,15.067500848409804,15.654523567553046,98.4736493613881,4.624629044439485,0.0275356348750138,57.782328212374814,83.33540728398029,10.555725297025004,7.469366583033261,6.629261799691664,1.992596553609859,983442.3817948964,1324639.6383919986,24.78574584805009,5.119103955586995,120.9850680809732,0.5383608870817039,5.651412281820378,0.8904332992184183,1.2985675129879115,36.38425043279619,119.31890688359252,147.70594231085676,5.734064382646069,1.2040091973874776,0.4129258441375736,0.1686116321947376,1.0281199406160753,1.044116364336702,0.0032707692235864,0.3036749760486585,0.0017757185876511,2.034332734058204,0.1538737467530226,0.0329575180008304,0.722331217530229,0.4146487305181368,5.362256406288889,0.7493331872828559,0.0291048128246977,198.3704124757289,0.3404679094584172,0.0383395128571674,0.1912955460451929,3.717189314004831,0.2613763400439814,0.1512652345905948,0.2465487954576894,0.841471256493954,1.0342853059069173,0.5237625324697761,7.090263687683504,0.0239746826295327,2.6879766054246725,14.892547885569863,0.558268717530217,0.5270187175302249,0.7418624675302293
39,2460,20260502__64641__16__3201,20260502,64641,16,3201,301638.1275265624,414403.84551184473,3.12479975011058,0.0005320984041969,838.2709311782278,26.187521272643057,213.8975934210232,361.80625516145903,0.0638020253028883,205.8375728758563,190.2161265593521,12.782895062627889,95.21917760308892,5.045848339355396,2.900910516854895,1393882.8326330378,1315754.8421375556,24.472580357784665,7.58714131346365,55.84168262955578,0.2317899382346893,5.240236445025334,0.0515893101671901,1.3791781408266703,35.79734272667868,130.28558536186685,166.19921649567112,2.260004458236288,1.3364961600228646,0.4434262645866466,0.1736019695119464,4.9882171601772,1.2017063137559356,0.3923412250555884,0.6032762550531309,0.0021352732396665,2.0982677926809314,0.1010445352066694,0.0298505730193205,0.4479453520667031,0.0312327887599796,5.162495944594039,0.2429099765481588,0.0267705464793331,101.78482865090962,0.0940871475996261,0.0381351011272664,0.0925082914525882,1.9942459135717656,0.4658227321797705,0.0684902291122283,1.2978765071066505,0.9145890704133351,1.5033366724391142,1.489554647933316,4.675032665187794,0.0828081971899962,2.765474920029758,7.195808833562973,0.8229453520667103,0.3229453520667075,0.739554647933318
40,2551,20260503__235496__58__2024,20260503,235496,58,2024,300736.0599575559,344334.41147757426,2.3210345662737466,0.0022232664377815,41.67560524392862,62.320466327738224,341.97529234295894,201.17322010259525,345.0187693664496,434.4609464803452,2191.011675286188,84.24709566694415,41.44146472705136,25.947939140266023,1.7329799864391902,775309.523679046,665780.1345425459,24.260389170156945,1.30455245942424,57.8975385323244,0.1507413623764419,5.0400137188960175,0.1738593814143556,1.2054623916412317,36.10986428342848,152.88920819485278,162.74603210304744,72.00954772135044,1.4778365135420195,0.86089452379858,0.5674428732479944,4.531749504098513,1.5567842643252123,0.022194179488829,0.3999152403200579,0.0012061341669846,2.0139245365275737,0.103370730214692,0.0030454218886311,0.1738122291030792,0.1702053062118478,2.027705552402981,0.3098810662283329,0.0258885129160307,50.65307101038766,0.4089902276864938,0.0399685751451338,0.4959245644282812,7.578244784397029,0.642091534270738,0.3692438916403055,0.8134988167556887,0.894241460429384,1.3904651737389542,0.7636877708969205,6.577668470124126,0.0084252359470381,2.578172141174794,5.704692276812376,0.1513512916030795,0.2490075416030796,0.3588708228530791
41,2586,20260502__228726__56__3446,20260502,228726,56,3446,524792.3485107509,897661.8010817522,4.992319460873571,0.0030384972271549,87.56614145415854,2.080230990563446,107.60096687119044,6.037016323001184,0.0914856231301853,246.65074108440243,580.2939471763688,151.0272118283905,310.5640698973588,22.25952089351532,2.334395693189839,570747.1267655423,692191.8735917339,24.425927840133063,1.838260164728625,107.03154002457758,0.3089307126615241,5.606355296815767,0.932869904861898,1.1920909693635795,36.10250989179294,16.200791887697783,123.68279823564038,4.516266156055386,1.0935501150969968,0.7441015783540587,0.39087527661321,7.328128031816673,2.0147678844525503,0.0241854049807258,0.5746236281233214,0.0002868793045447,2.020832817818847,0.1346432732841068,0.006281410841585,0.7502413265910481,0.3666487022046363,4.79802636025603,0.9662961204510484,0.0244214148590892,26.191570916124203,0.0553228323817688,0.0319524235324982,0.131596129767417,1.6772982395661356,0.6166330760674777,0.3175819558910427,1.1576699552725036,0.9932134534317838,1.438674857195625,1.0622586734089396,27.96699925395664,0.0028934885113405,1.5191619651560817,16.970201372404965,0.2453585140910914,0.7883272640910945,0.6491671078411432
42,2590,20260503__185414__46__1094,20260503,185414,46,1094,265048.9256651341,342632.0235506312,1.5599395810640049,0.0012940606356819,2.019755718535916,10.86174774158803,90.00106947140517,15.94908283913258,0.2485757741120834,164.94971911366608,188.98839039212552,52.27292776532924,10.620465058827325,61.91808923813795,1.8594193784234327,1388268.469364099,1056821.6317024347,24.8417996768326,4.539603024470656,120.64530712215254,0.3854206287635061,5.675806913233059,0.4845257285299493,1.3889364320987516,36.47896920528557,190.71248088733856,167.3537440586061,45.04706866289226,1.4852655260860548,0.7630608658084596,0.8930107876716795,4.800930900568488,1.894786752177814,0.0669444606579115,0.7634987951618357,0.0026790882137343,2.077655068568669,0.1463063736496866,0.0764344810608577,0.3903098302468675,0.3522523043981258,1.801606137098993,0.326838544459351,0.0224480201774685,11.947876647560689,0.0724345641778167,0.0318925292264653,0.1325267617943812,1.2547177391853808,0.2287485315675809,0.0488603593071777,0.3126446998456072,0.8092427214506293,1.1734985156114477,0.6189675135031449,5.050017864421294,0.0287582129629716,1.0134322866501206,11.58782218772004,0.0676979822531344,0.3372292322531426,0.1404518885031698
43,2711,20260502__163988__41__148,20260502,163988,41,148,259779.9300261243,533320.8437292577,1.919545234876492,0.0080306324601664,16.57142646600359,552.0075093842286,257.7002507365287,137.97203861495873,113.046616187047,186.8843007226252,3508.091435243374,23.206935918157296,68.87697164889123,2.273690294292249,1.907093037702084,564906.2750262714,722928.2539493225,24.42585294436526,1.4292729766819492,92.32157538456542,0.1409790355302648,5.473712522036664,0.1631036080918654,1.387560436290476,36.09451698836764,171.90742189104694,163.00456043151704,15.18233058100542,1.4695025446278265,0.5004455801112045,0.5302226601707837,1.413316841838541,1.5138240658937407,0.0016215335113475,0.3706314453043103,0.001450950766131,2.006764257820521,0.1510404996976212,0.0047431889820561,0.7306198407262157,0.3472586231857313,2.010056405596502,0.8929655089770937,0.0259683077822619,105.27695777257276,0.431925553155313,0.0366960919082615,0.4623036753438768,2.429927620470685,0.5830060169093118,0.075837646748865,0.7312337854833154,0.8103817806452469,1.3209384379421512,0.7721237469762376,5.111972802928236,0.0738507886089361,1.4406194043411298,48.13314784747665,0.3585495282262158,0.9327682782262472,0.5787643719762189
44,2756,20260503__184027__45__3803,20260503,184027,45,3803,300997.2211337508,980063.4598172138,3.646503776827985,0.002371465687339,160.94094019325414,1.952692973235561,92.36964540535682,62.03174131237748,0.866780920665192,298.68624142459873,3596.5186344093736,14.626928609505372,21.066009708890306,8.422954024115906,1.0699296369390066,1747062.775226092,1165498.439568821,24.61651008974178,7.070417252431995,51.73030124341801,0.1702771507143406,5.309553128226568,0.1189070704050513,1.343701210417721,36.51078351989111,63.53273527139647,147.55360596928224,3.309597637786162,1.0159559805065312,0.8199381326840826,0.336872627522544,4.178032135441607,1.9303102788516384,0.0015282851409977,0.4080413607121226,0.0024908442447784,2.021854726114304,0.19422608385443,0.137165629523037,0.3826905260443204,0.4048096281265834,1.3880447029475178,0.1303504098564992,0.0273645009895567,176.5834558354887,0.1615755628009291,0.0377437754739878,0.4957807465670093,1.390980922088473,0.3069529791247506,0.1630595361031111,0.1724363885379312,0.9949462697911404,1.6913052040963776,0.9656983385442816,38.71133005073358,0.0140807960933492,1.6868292810926968,39.88948174844059,0.3614500989556563,0.7869874010443064,0.921020411455672
45,2775,20260503__61137__15__3793,20260503,61137,15,3793,355090.4062474297,913034.7735636684,3.819623400091797,0.0023980744184673,221.26756170239145,1.1274618304879236,124.54738301515091,21.719246996760543,0.1004546185104232,468.65056843914914,862.129273751346,45.68952164834759,203.85316559014404,1.5937183251704323,2.0757743088397405,883845.8706132633,872443.3052664753,24.22447218934925,7.800040947175082,93.42033340997727,0.3561906516994441,5.701620939081617,0.082892153948565,1.2018733424822905,35.547913625953825,5.96162151560855,159.7845442566237,7.886481476301012,1.3673120030342338,0.9208423752412366,0.1830188643594607,3.966736534959867,1.2181339100263664,0.0023206656214106,0.6512386764641531,0.0017734582189714,2.0882776857578054,0.1831254143794266,0.014298358675626,0.6921833562057271,0.0721899862765591,1.4913972875948998,0.3952566120811939,0.0226094164379428,182.1631610943309,0.350141977325021,0.0349499544182636,0.3187059119520157,1.06259181936654,0.235213338623151,0.2142005337055105,0.2340683013119358,0.9959383287588393,1.6533727819117665,1.0437458562057609,55.78975117471694,0.0100775034308685,2.897531160053105,18.365370777709483,0.0734416437941939,0.8859416437942226,0.5500041437942367
46,2777,20260503__224409__55__3225,20260503,224409,55,3225,442417.4884305938,992417.9119836164,1.8732117987489505,0.0080449790385821,1.5541785534261454,29.474133116851643,120.57432522821784,6.087597683191773,4.808482530545222,56.40728082244217,1725.6377061151916,13.17402999153193,359.2195269086698,13.960336799143056,2.684869357878981,1252627.2589895134,1007640.0152847169,24.917630667008098,2.2448887227825947,118.94817240804662,0.1058596937950555,5.350224107026587,0.0936149704016359,1.1537585640924886,35.79679001478843,30.976413969017347,153.53509421762496,1.5287348971606238,1.4593260778650825,0.4789070894645341,0.6878938238674488,3.7044913903317935,1.6106257232756012,0.2636510585244027,0.4123432855255481,0.004773544551156,2.0130038319845083,0.1716427660231206,0.0037865218627885,0.4781464102311986,0.2123309038612818,1.5599551078829463,0.3909903959384097,0.0200158391023118,106.16592112162094,0.0933803422665845,0.0402439855125433,0.165687350874016,4.872687748304755,0.5483265132271785,0.1843354162425363,1.332157525676333,0.8432855320462378,1.8153028634049413,1.236697339768804,4.270632169234214,0.0857844615346818,1.986771094910835,14.435419157405356,0.4984160897687968,0.0953339102311975,0.7366973397688041
47,2887,20260502__225890__56__610,20260502,225890,56,610,279447.69095171045,472525.0307287925,1.7843117148252363,0.0029924178920363,3.658516700243619,38.22851464988491,105.6826449103393,48.551753492086185,0.4216324040562909,239.2789305684765,223.35089446536333,85.29920706890064,11.76074499443007,135.81828903466106,1.858045858638456,1614316.6547146554,1030584.3997753012,24.917529191116955,4.220833330424028,126.54440138167448,0.3470370921385047,5.709230640684204,0.3918448590167638,1.3735340306364077,36.321533329293,186.2757706122949,160.6243216731426,44.35749662568158,1.423834650528013,0.7750933695236483,0.8090247322799853,5.1657329577519056,1.981437193672512,0.0941604468900783,0.9749318489293616,0.0030139019454551,2.0982101509311457,0.1547604607841017,0.245719281521642,0.492428826591012,0.4896955772046145,2.249191006244531,0.5767445696327286,0.02382077264091,52.712118945253245,0.1184788850873835,0.037156951467501,0.1080411880155772,3.899145989707996,0.193635993025231,0.2403562285569901,0.225923794727422,0.8970209215681983,1.130331002179303,0.9299288265909862,8.831902202988363,0.0076533864886561,2.6885305249593685,5.066433003592924,0.3195772640910115,0.0593289859089696,0.264401482841006
48,2935,20260504__208991__52__95,20260504,208991,52,95,260184.3579486244,399638.8833296149,2.062286097546067,0.0006362915446881,24.17365674437512,1.908904123800416,292.50547941712773,7.342040442990863,196.37270480413605,173.57685789195273,2702.392520703972,92.91312814421316,49.97151170128035,441.49214035966594,1.7773354189553998,1516343.9014461732,672109.8087757496,24.651874703461555,1.318943636918421,78.89757971616979,0.156051903206877,4.878296430743794,0.1900916339947882,1.0314431022474393,36.18462883625109,63.24687544113953,166.18671471786092,10.867302627024063,1.4448274532700582,0.7495125021059299,0.4734765717266743,9.068052077900788,1.4642277985871828,0.2939532699364668,0.3466834180271154,0.0030151643469071,2.001708593529432,0.1383306306881437,0.0061555828208159,0.1635797443814166,0.2540005908711451,1.1096934470387396,0.4396032359332827,0.0227587338061858,127.31601980098291,0.1849230269344114,0.0400923459381949,0.2747140456622847,4.926085185363197,0.8727545653398738,0.198162375721604,0.868839920366043,0.96904407387628,1.2783320365956106,1.125493806881416,4.490072939361095,0.0608650866572146,1.612937157049585,9.031199685014736,0.4008733806186175,0.0336858806186104,0.6205999431186021
49,3044,20260504__229635__57__259,20260504,229635,57,259,276442.85266963165,914193.726017384,4.942733318136773,0.0005403678516349,4.191694086894045,148.30495462305737,266.6079842665957,9.372894434208716,2.9722348264198803,157.49901527011343,232.5000563971972,62.41958441216535,105.20007000079676,3.806809719053865,1.1140217318973744,1806245.130317086,1839645.9991406985,24.226521681576525,1.964988152220405,113.28959697911648,0.3641327759365018,5.084275505807222,0.2138392508627218,1.2028387603848143,35.664487952462444,134.5149882460487,158.76360266468905,2.80406161217342,1.0447820425906356,0.9134838611608164,0.8881844203920116,1.146329183829676,1.1967672813571808,0.2496130376237434,0.6287681528356326,0.0017125623701898,2.050487962873024,0.1515885963462026,0.016492080336248,0.6257155990379748,0.4557027969227789,1.539322839597468,0.1255722789036255,0.0290891872403794,216.4909903236074,0.0571311177693359,0.032027402839418,0.3337642106230301,4.66670047027911,0.2475284272822904,0.1918017049996432,0.7345450363468239,0.8781771926924055,1.627269520051494,1.2507155990380106,8.245598377660091,0.0263280429806967,1.328673643506327,87.36532205452617,0.9660812759619868,0.0417312240379882,0.1755202865379782
50,3227,20260503__48262__12__3206,20260503,48262,12,3206,714002.0494142065,681571.7192885773,2.3818733670209378,0.0125332271787011,1.268747589123978,22.188245862598684,161.85997592104732,1.7337041117616527,86.70764689503616,101.4899571516256,1703.7275763775044,138.26318897234887,67.67323091318931,10.675076382938444,3.306267897811188,510486.66913753614,1006339.6472768076,24.51110401254684,1.624542518866941,114.62416076227365,0.1760883690100674,5.521098340230835,0.3873757672248988,1.1604172115738087,36.63862221650346,1.0699502591216967,143.29497741366183,6.05199160791957,1.0639052994429576,0.7911420652053807,0.1851032322070558,6.5623388842925845,1.67601488789071,0.0183310642898471,0.9209454570203168,0.0001253323321726,2.057727357942056,0.1370929627315501,0.0045432618922637,0.7669257210654861,0.1484366826392874,4.719760821992987,0.4399370768405699,0.024410820914345,220.5678216532386,0.0563176248233938,0.0362107897245294,0.1276248940617266,1.4701126630385235,0.5883836784143632,0.091083191033146,1.1999368030082918,0.9246742067130996,1.4756518788720272,1.4806328726845157,4.861432246078018,0.0876955168401741,2.394654999987045,9.106133200187555,0.7268866585655189,0.207355408565512,0.8771172476844957
51,3232,20260502__132664__33__1592,20260502,132664,33,1592,250382.3646879,337250.4695339477,1.9570634798488584,0.0020886053183923,16.73450526702803,55.91732141631735,250.5431798243505,179.9666737856544,86.96264747870552,453.7868963033805,4246.764982881139,90.13984639105009,94.76069229355042,29.538476154305144,2.0843162813604708,799132.1935621075,808381.1819241085,24.27931935940026,1.7321083503702637,55.992842905139845,0.1139932595917436,5.01574834861475,0.1133049492428689,1.1951675338733698,35.8537201351115,147.22590232788656,153.55064007798111,63.38836417851128,1.443673883493907,0.8884642475049407,0.7957067465354687,4.851871501077831,1.2011419292611505,0.1209567793807128,0.4859004397148816,0.0024383355140828,2.028919275398557,0.1281124134066577,0.0028838082531995,0.0745811653165742,0.0841575508100554,1.2771461850283865,0.2222314671446522,0.0233850477218341,22.38547155318057,0.2106999832111232,0.0383588064002675,0.2964922175226825,9.102328790914877,0.9160046424413651,0.5848387820261284,1.1694526939432095,0.9240959205633156,1.6388033136967786,0.913936634066576,14.171099061915289,0.031109049797486,1.7669060278398063,5.013536086972844,0.0091514778165872,0.2056922721834131,0.1973914909334154
52,3303,20260503__71811__18__2179,20260503,71811,18,2179,415245.434686352,304304.75617849285,3.739223023652692,0.0084281914361118,4.110889952833719,6.814570399558561,446.1057611235736,47.40159493383104,0.0330536909494483,143.60535943173934,4336.434026580392,33.77215589379999,1.9167302475820247,46.09515535768292,2.940673621515736,762595.1902616456,723762.7623532626,24.17583387825663,6.31596070993334,102.38261411690064,0.1333725779199247,5.156497568604211,0.8176808359734624,1.198360367406444,35.021202615041325,123.63853652458432,167.69339575134254,4.735824359190215,1.0845470091224925,0.7524989160592609,0.5633570466951892,1.511801140080809,1.3345558702820817,0.4998281158028227,0.5684720062147542,0.0001064577175805,2.051571221387292,0.1942189981016108,0.0220110690527946,0.1369115814838902,0.3868344488903335,4.277370807461943,0.1888749472330745,0.0229511470648389,90.95910112822484,0.2607343694549522,0.0312976835411772,0.1583066706452223,8.992663786097442,0.3276784125163079,0.0509795884478768,0.8561293390774477,0.976133308703222,1.328024289028675,0.698435018983889,40.13230551361838,0.1083695127774168,1.490270716371939,15.531234603466135,0.9279272064838904,0.5642602935161105,0.0070287689838893
53,3365,20260503__232035__57__2659,20260503,232035,57,2659,256749.3854670364,436501.2615458346,4.857261418155233,0.003237056194524,2.702838638720603,29.48437831000464,370.2586374574511,12.58757711798058,0.317838767716099,226.4149599198099,984.3551554090064,18.17862438202768,10.990591713262852,129.71550015897415,2.038742184776972,618682.1846992754,1038180.8118759532,24.925168332348694,3.000357336402242,52.13678047003447,0.362324514537249,5.683941400509974,0.1165641238030166,1.0401084207102134,36.39006450341046,177.2855057735857,119.87519087505684,2.8473991663522384,1.4512204549199437,0.7263972404228507,0.1068157263928006,2.260358378669772,1.983496649803231,0.0558519585670787,0.2865057212310205,0.0024056521338776,2.088849784136794,0.145539301072447,0.0069377151337656,0.6080835517755353,0.4267514314346871,1.838325360886415,0.2250215836244598,0.0273503667677552,26.63634495951194,0.0850941353278753,0.0352709503195307,0.3740058053954865,2.843806877535811,0.1437930157950701,0.2948094411950617,1.3845200974857483,0.8660786021448958,1.0780041630650832,1.2330835517755263,56.53348355971528,0.011473014108671,1.7106775524806792,8.841828828387992,0.8600366767755203,0.7571508232244779,0.0764867607244736
54,3382,20260503__39581__10__2717,20260503,39581,10,2717,271161.2708904504,536454.2173353564,2.896397033099787,0.0005816028647472,727.7377972894617,9.96431566022934,226.1024946320269,157.8456139509646,0.0681576936600045,97.278022375114,1360.6610798026993,21.800161427899567,5.206389856851152,134.80437381971868,1.2695027875231253,1425712.6193417355,1205445.8064038064,24.419633687272995,8.32602280429788,62.35797982427495,0.244927202582922,5.337204915930686,0.050002661982397,1.3742116414568624,35.81007069551696,101.8556074721367,167.7687451355823,1.123946676068937,1.3154696832601511,0.5341367551004238,0.151241065610405,7.66978864534745,1.280641155888647,0.0955906546622024,0.6882349407537091,0.0010253017682107,2.0863301474860694,0.1250017771357847,0.0145461168386919,0.7050958963578486,0.057432537814702,4.743863686239553,0.3554667809868871,0.0238474785364216,266.2520750785722,0.0601973675858491,0.0359294920150637,0.1842315691937551,1.2115293166871173,0.9599329137610454,0.1422397128007986,0.7902094950990227,0.9652379292715694,1.1334045834688191,1.2187322286421691,11.26816629399893,0.0395481155463251,8.275956691638578,9.187039646047914,0.7441228536421524,0.6465021463578539,0.2890447286421325
55,3439,20260504__6601__2__2505,20260504,6601,2,2505,340102.3438050419,630542.645806494,2.638110301054379,0.002209424286583,86.46558233044534,64.64622829268419,445.2553814329576,218.1709801466414,210.7746357215557,414.5477645900244,1173.794455181392,76.67223272956741,18.28214960748876,20.87240607075133,1.4315343924171609,731103.0353070435,539856.0389585876,24.219160545804968,1.802389372017445,62.462050115950106,0.2089530957273847,5.103048768206185,0.2921105152069095,1.2341206706964012,36.43121198459899,169.63083046909225,172.27070726474847,93.33008181034008,1.3808316291597222,0.7766797112908435,0.3559730119669128,3.591892440923756,1.3429682164009145,0.0105060320121844,0.2959569305541954,0.0006281791162949,2.009870102734546,0.1089207926741006,0.010952030111691,0.3040516767410043,0.3136810060446042,2.616709328612546,0.5465695421229022,0.02733739176741,210.72797290012315,0.6111776874142119,0.0391593378058489,0.3545331323384534,4.103629241517428,0.4526244583695268,0.1570147168107639,0.5696401525625738,0.8376271646517975,1.213856937280982,0.5267079267410191,4.282778923202932,0.0362327515111539,1.872285552760724,21.325150409251137,0.4524891767410101,0.6712391767410218,0.667332926741017
56,3598,20260503__15016__4__2728,20260503,15016,4,2728,309352.09367968375,499087.88770630606,2.9103088167931936,0.0154038472413107,2.503610730910507,280.6122610756079,101.62660428873768,109.09499315462192,8.079086376892597,123.09233999668686,4050.743262887681,7.686104899667138,58.7451590957021,8.083591166302085,1.521496385782304,1319594.930568311,534183.6189503053,24.94703180567782,3.012485533405916,95.8405796820352,0.4600078426341378,4.944470959188878,0.659387453729734,1.0620502781371952,35.88504813728949,110.00578803771285,118.46997778064298,58.25450491435457,1.114469540897964,0.7626299979364585,0.3927268001794972,2.45355715749115,1.9760594116795152,0.0011969608483884,0.6402648865265147,0.0016887144142149,2.033347691918643,0.1701512414092993,0.0026238167636905,0.9347180546570002,0.2477629172057912,2.8817924948940394,0.5980090088803174,0.02207178992157,125.00241030689608,0.0755862520433372,0.0354532853199771,0.1822853211761652,1.3520389470405887,0.7844169015321277,0.0923376458870704,1.052941214019801,0.919111076568597,1.4048463898375234,1.4593249140929911,4.305421110501745,0.1015358331985504,2.4477974914010714,13.525828111195528,0.7029772578429689,0.0506335078429908,0.9332532109070432
57,3719,20260503__211775__52__2879,20260503,211775,52,2879,448375.03468564624,780027.6355256548,2.732657452937876,0.0012416575613719,78.86705777414905,46.46820698491017,106.09810678874682,23.832299690288643,124.60957943725543,119.77393719994988,45.53746590795704,84.10338412574599,242.54503930938185,2.681003503418158,1.2935721590559035,1870371.3444029188,1311844.885024711,24.221471560613605,3.0314586511724464,116.27945438824082,0.2547799711473095,5.017062712381124,0.3353183080408579,1.24277255361995,35.45281833235878,106.7250778314278,164.32773302310477,5.921837940073758,1.0167435306852908,0.7383350621112793,0.8381806566298015,1.4639462584832923,1.1905671930906854,0.6830921355903621,0.6621679175667604,0.0002758899547506,2.0432180076657134,0.1834470446549864,0.0286201919994661,0.2758811159501243,0.3770521070700742,3.119863003711636,0.1824854568118621,0.0249658424095012,117.90917303245274,0.141082094908886,0.0304457764745486,0.2758496171200165,8.378472550686814,0.1765102953513112,0.0786817439426176,0.3752898751698077,0.9875980981900258,1.7173147444930077,0.5483420534501539,13.292857461847218,0.1261959576074786,3.632368745435576,11.757342891539654,0.6215842409501486,0.6206032590498439,0.2680641965498627
58,3736,20260502__132106__33__1034,20260502,132106,33,1034,364178.3385852953,346854.9835275972,3.661341332392572,0.0053201091354487,392.6350280550191,344.3820552723856,170.1820830088323,20.743321540404608,0.026414337257546,57.75583543336699,273.0610546365694,24.03263142478225,138.61111229244952,133.86917833432068,2.712891627116427,1488123.147312926,785996.8751021827,24.47000681247474,1.5931632195874954,55.11241686048538,0.2806860356536456,5.2193493076352535,0.8598121616679898,1.3657699661266347,36.11272404136149,139.97980857788306,122.6833939842314,2.951061731667392,1.1120536555685936,0.4105111152912017,0.4474587863096617,4.126641964883826,1.9882796245736667,0.5913736543014363,0.944891434304893,0.002493305110917,2.056584630851442,0.1073368053433404,0.0036413696218129,0.3519249153165978,0.1900611991899523,4.224032937750229,0.5521557943916052,0.0279748914718343,107.484930830464,0.1335225073721304,0.0344808767127678,0.0682089235199379,1.0418503956666896,0.3351854714117712,0.1778909511690784,1.2651558189432053,0.9737052955633164,1.6799066472407376,1.2061805534334331,8.351487369256443,0.0421331377025119,1.6062037034659224,7.911884502015501,0.6048546028165844,0.5696983528165919,0.9698524284334312
59,3788,20260503__41589__11__629,20260503,41589,11,629,281142.27502239164,526907.7524271042,2.1960082449218223,0.0075418831428137,32.213989268271305,475.3411875194888,317.32864779414706,166.97351824582373,262.1774992795058,203.98411499739905,389.54143368156457,126.4510655363613,10.83757715316453,52.70625369531812,1.278196802738201,901349.756872006,519822.5272213758,24.346116740750908,2.127811785418138,50.05620070554375,0.2443331672485552,4.949320557607365,0.3684591516291176,1.170593212288721,36.56570229468482,135.54721501302242,167.5991103213368,50.644065457647045,1.3452215274812604,0.9308611369108344,0.3031936450857285,5.271745904054305,1.2739372291944728,0.0336660010656921,0.2701584455512105,0.0014808660963909,2.0166368887565125,0.1083282594278206,0.0154130964911756,0.1296080307218133,0.3496398184330909,1.8868653035811505,0.6246311748372684,0.0255538928072181,262.3368903566371,0.379766929762808,0.0385645460370601,0.4805810531926301,3.642855711012156,0.6658646113738084,0.1343933514107642,0.8302675069894498,0.8279846438556347,1.396893339232684,0.5729674057218097,6.602058004470076,0.0428787046082743,1.1279518241044824,24.397678592752687,0.258514280721827,0.7116392807218319,0.4714049057218826
60,3789,20260504__34361__9__1593,20260504,34361,9,1593,255391.0646975013,331417.12214485265,1.9366355121112475,0.0020538827897236,16.74693564033316,57.37223452309911,255.442127391228,194.2822436754876,1.5552616248366715,349.10416195314133,3693.348663803252,171.9182830094409,75.81992911162493,91.27168666957918,1.9620642924355784,1016047.2228440169,750262.552102632,24.416211181669546,1.526068103157552,56.5504873201255,0.1309433848762828,4.870386571643193,0.1434396222939031,1.1391565088339577,36.00862146431112,119.29982468199697,159.60085435172823,35.9052160374545,1.4951753997261912,0.9917023257040792,0.6149325442100808,6.204884873214782,1.5848894187454905,0.0541589123161803,0.4113048405615482,0.0018152311395755,2.015295400159001,0.1148202477915103,0.0029525599290193,0.0666412720848944,0.1712347632509382,1.6850766929769765,0.3163989416250453,0.0249632877208489,55.53009160689448,0.3266365426795599,0.0402291477429338,0.4279327243933125,7.059755626188256,0.7443959710455907,0.3278549328212311,0.9020147190811404,0.8851092455830213,1.4448572610113857,0.7107024779150997,7.608032929613691,0.000621190812736,1.00062042914243,10.02802928545082,0.2150787720848911,0.4338287720849029,0.4299225220848981
61,3808,20260503__240342__59__2774,20260503,240342,59,2774,617513.3461017554,511000.0287290402,3.5399872386222,0.0028023380809848,108.07173789228268,21.493325783608853,305.2260387738488,17.602339476043586,30.72550969788659,138.80401163347796,1442.885790944092,29.745044281386,95.34716830880944,12.5686411510095,2.812462561711486,857652.7756673612,1509012.4644843198,24.47806810261504,6.856253084812347,78.27730589396722,0.5153320185400373,5.068332904668955,0.6399537471416372,1.1267868679771225,36.546941015626814,63.36696190287599,166.30641989560496,3.644758142722845,1.4498847970071764,0.4445602048000133,0.8380447409425129,1.756715951928579,1.959218949922041,0.0047852586400828,0.9452710882797684,0.0010428436622139,2.1036114409235624,0.1190502326192795,0.4878181993710341,0.172435919942809,0.5918404582156783,1.331314756881555,0.929681860807754,0.021363031074428,208.114921059688,0.0683100184161576,0.0402542169943708,0.075309443821591,8.076947603299349,0.1460923384941916,0.7244804480563809,0.0896524754199226,0.9756004652385616,1.071729857135592,1.359935919942822,4.348753626713016,0.1262804270539226,1.0263037359847604,64.72273442350124,0.8238031074428135,0.0082281425571612,0.8057367011928094
62,3902,20260504__232993__57__3617,20260504,232993,57,3617,455573.6789350003,383090.2735003884,3.164279141885831,0.0063753004770056,15.364094034483118,5.868334262981211,246.6880428461086,98.74845940918466,0.8510025944470678,87.97274740891574,901.7467171772932,96.1271424012545,7.628370773115695,3.783776333913433,2.45542575357464,1518865.0551530945,766180.5470007958,24.321788865298487,5.5111504910559015,116.68886591150786,0.1723824340151287,4.888595587942803,0.4575378969488742,1.3455987396151832,35.436773108712416,25.520168003960123,158.88756750843766,61.72963344115279,1.106421691028146,0.3672889781582112,0.6331357680673194,8.443001161869438,1.1863528358303386,0.0014915384481935,0.793055478070746,0.0047887342451896,2.0160725840019778,0.1026628150962062,0.2359622927269136,0.9889968490379402,0.0722268905772519,1.0086046969930325,0.7856820822772389,0.0297975315096205,1.6498323168880489,0.0549646840910911,0.0401914653394171,0.4486631637640773,1.14141098432508,0.1415768884185644,0.8771906321403714,1.2841544113468146,0.8053256301924074,1.1227158091139309,1.488996849037929,56.85604772511266,0.0053807773556958,1.012272015310251,7.548758602756664,0.9797531509620664,0.8547531509620737,0.0358718490379722
63,3921,20260502__41632__11__672,20260502,41632,11,672,251075.75213529664,593937.1218490474,3.124704376653733,0.0093627594258944,340.8293353075682,4.529910358884963,116.30042149268732,7.953318037857088,0.3491263757386201,400.3666874367253,3117.756232957795,127.03633361517689,23.46785436812082,36.298580182073536,1.058951754441751,505669.3801673,1169523.7613487758,24.63620357601901,6.889129379927652,119.5508622966748,0.1627412947312397,5.032687296914306,0.1313606609631222,1.1084654846778408,36.58821828181637,178.28944125425525,144.1416757421811,15.079109731666192,1.0158572318997163,0.3401664264574814,0.3996962907434755,3.551898826535069,1.8441861309082253,0.435657889916705,0.3578043641273451,0.001549454879027,2.0329874940646286,0.1259933242944587,0.2592267832773695,0.8297574616945853,0.3294892729832366,3.043605978511238,0.1048758347174686,0.0203059410080541,27.580446394796773,0.2074898038806957,0.0392364374526094,0.3974967495882621,1.8527576665910963,0.2410771767082744,0.1140805118189933,0.3481838838724525,0.9739593048389186,1.8234267641351023,1.0603792570554091,24.993864539459608,0.0014167442541883,1.116699474451584,31.512571143787373,0.5279996491945643,0.8509066008054154,0.9021761320554378
64,4177,20260504__34564__9__1796,20260504,34564,9,1796,280770.29839048407,876059.1996880672,1.5317786302610057,0.0196396407405368,2.2083274995987203,307.0100248213368,98.79002681153332,139.99244993788756,220.6023679752884,103.66437019298893,1146.929367330182,28.886764916467257,35.328543711886546,24.829939437432014,1.929218855189179,1176013.7724239572,864257.1530570013,24.765151611357044,2.37414554768138,115.43964649981348,0.1466699848460096,5.638900537731812,0.0663563678115114,1.393062758833956,35.0100113481889,187.10255905699643,116.71017592170972,36.72173305080723,1.10229237371131,0.705197984405324,0.2022634085281595,3.821785180734553,1.413729262495501,0.0279579837101086,0.5042549577410641,0.0019103547979244,2.064258290784002,0.1281973303334888,0.0987902488513848,0.181875647084886,0.4838433617490668,1.163692731502933,0.8063122523063562,0.020183196654151,265.1717603624681,0.0683425873627462,0.0398263157116838,0.0965992815586219,6.12670682390116,0.2398130658182029,0.3860816469697467,0.5861944065811608,0.9186016919169776,1.5318001321051495,0.9929108033348858,25.543167142353827,0.0589219720627326,6.669139366662128,12.67591199661054,0.8191009154151127,0.1926178345848898,0.9191985716651144
65,4250,20260504__90080__22__4064,20260504,90080,22,4064,278093.2693236255,332506.2197962005,3.4456630107953266,0.0030627740556826,70.0539078476017,124.0378300304644,75.77981492225244,1.1864033474191014,87.14089962333608,249.76999374200167,345.32175656776815,49.541358507999,5.340733222849733,2.551439295437563,3.744554639015004,1685978.1388279567,725201.2076940936,24.49962027909111,3.3111909185181108,76.34261032226141,0.4985122816734643,5.028701927797343,0.8480531892647619,1.0360015840499297,35.38966017402218,134.84689482853906,142.18969962744058,18.86735605251873,1.3810806009945462,0.3669218550888333,0.1098215461842297,6.520680405217548,1.6984090115078048,0.0239275702035413,0.5652959369264428,0.0013322067618757,2.0145787208517665,0.1992515571125164,0.2354579392169588,0.2814102101248271,0.246189876074895,2.2803042757512246,0.2068986984467092,0.0282926177262484,217.55871165569067,0.0656502150078966,0.0325530318426227,0.22616433139967,3.09213427998696,0.4812962562085484,0.5053975975668239,0.1050491433252645,0.8107742295249691,1.806479369454817,1.1722030711251634,16.48953422364013,0.0902584065187241,1.9510384010147035,7.423374222121589,0.9793319773751517,0.8504257273751896,0.2945938038748399
66,4302,20260504__130660__32__3684,20260504,130660,32,3684,393488.6426771669,271503.6689926248,3.947599409534271,0.0016922779171032,258.0588335973868,163.67187351367647,146.65143983514218,123.39775180509402,0.0300146129399511,111.0711271155887,383.7641528886764,9.238863522339818,215.19509019022115,23.76692884009622,2.4513457351581427,1835373.379981248,704193.3943650171,24.696004656201666,1.883840946442622,66.45848945639622,0.3318975887437508,4.958250667602252,0.893349101135032,1.2603709676437764,35.95075349086023,195.22018402380212,116.72201366224871,9.666172402129495,1.160190126516152,0.3574382518653317,0.5630368167355406,6.700749183905038,1.370730586947523,0.2908852158465134,0.749542090857321,0.0019650894669527,2.082652084199399,0.1035204762859463,0.0139296257734404,0.4634274191094458,0.0460252014656676,5.222218751108424,0.3198389310946984,0.0268012726839055,189.03901542474844,0.0972041803698174,0.0370248569835458,0.0883936531112649,1.6173922868104815,0.4366108387593893,0.0884244547970364,1.3541313007467708,0.92920892132189,1.551460609487702,1.4257327371404953,5.574460418254593,0.0746265121335877,2.3110904417081493,6.231624652580822,0.7456539816095243,0.3589352316095245,0.8261233621405656
67,4456,20260503__163467__40__3723,20260503,163467,40,3723,565948.5920526504,836902.8601676909,2.7914561499615296,0.0182118324018453,13.29706194581362,358.40165787077075,113.25206938019966,158.32356721836726,0.1134615794112427,256.7055231186238,55.25420475060678,54.97859904664282,1.2525346556270058,22.567410420062885,1.2076250608332149,866923.9179763778,703748.6150306107,24.412772060513245,2.663385825634097,65.05594603046536,0.2451635963240169,4.821841841780726,0.2676715606399319,1.0083920416201206,36.18287192895952,26.600125808661,158.81014236032115,2.88355977178348,1.4341390257754996,0.4810231115375311,0.9506296462762616,2.7475705584296586,1.9349288911602724,0.0426897021450027,0.7716446562646017,0.0032396661452514,2.07510228084567,0.1752425416550276,0.0561608238698656,0.545394166550295,0.5141505624301793,2.5244269177044742,0.9149761874300764,0.0239503552094972,190.0441713718953,0.1076390520489117,0.0391256641679467,0.0902222462577416,5.2438471211688364,0.1459256050310581,0.3083597803885073,0.0321065206704093,0.9032258541899352,1.1509849303034208,0.91163708344969,8.012937415370178,0.0460717343924555,2.4297897382636475,9.520802378934206,0.4409019790503089,0.0981605209497317,0.545394166550295
68,4538,20260502__212900__52__4004,20260502,212900,52,4004,394050.6300946904,652032.3336574201,1.7054236297091092,0.0024518800807489,2.3858085664614963,4.509455435911236,136.14660780301418,1.0472290356644736,7.394554988656051,83.09438401825915,2016.3352828442708,32.19418900268521,314.87627921486643,67.03092427231856,2.64335172609986,1752442.853540015,1005571.3234824592,24.889849833980005,2.285393385393532,101.19398774206093,0.1098994858120036,5.143009583720372,0.0857535488686809,1.0732827701409724,35.72642096974768,9.501928700282336,150.3751084010057,3.513140544844614,1.4294857088811006,0.5776170825065458,0.8087537368715546,5.35676321461834,1.692704946777882,0.7426588832476805,0.4676571744838498,0.0040752143142621,2.0237158325248568,0.1587015519102435,0.0020479744355217,0.3589881753524093,0.1393922510385343,1.2747785345077,0.2886341821811538,0.0209706651214756,47.79487126812309,0.1179150356968554,0.0400804269461231,0.1952916080764229,7.065186193048121,0.6321562091206634,0.3150499307820614,0.7176313982566308,0.9981648225704804,1.4157286000866698,1.262796769102449,6.686075114677295,0.0802154138028635,1.1609168800824072,13.253753029034028,0.2845665121475681,0.0787147378524454,0.5125938558975934
69,4603,20260502__71912__18__2280,20260502,71912,18,2280,275231.32456847443,793317.8522365965,1.8221380235675628,0.0075349277677625,4.92568486504349,71.72261559720202,124.47098725953718,38.02327770720331,1.142161157251784,159.1759092146906,409.9003046087911,29.24568513721756,29.43059594863268,8.163874740080606,2.3610951256822137,712369.4151767013,1374616.403237108,24.622303708906173,1.8519619873725948,115.03012453574568,0.1194557117603307,5.616662530545844,0.0511805819549679,1.39082925353912,35.13301830324908,199.3663549992667,119.98058864125744,51.97273926961162,1.1191649178348566,0.7811345065450083,0.2100332137353637,4.930020681502569,1.4124988515159058,0.0677622206179888,0.4912924863100426,0.002639048393261,2.0604037365628667,0.1445290147402199,0.0733440306973736,0.3627706161522003,0.4409313803086785,1.6812265743690202,0.6567576876406404,0.021977315536522,156.84990136440317,0.0677669177861576,0.0408068865035758,0.0653429907351397,8.472096254098142,0.136537656969232,0.6329528365387249,0.1852851998869226,0.95399943573044,1.23606471782766,1.1874776474022015,9.749169502285756,0.0907437174228303,2.725335420167654,26.305442535929217,0.4624246963477973,0.4399190536522048,0.5449442275977961
70,4662,20260502__213084__53__92,20260502,213084,53,92,647503.4247824062,943505.4597459148,2.641764209001849,0.0090507018645464,3.8250909797433086,34.31299619982787,66.92033476192847,6.783437307963874,0.384933538085951,57.86327274123148,533.8232746038054,12.964219637789178,107.88790209886103,14.102250500464397,3.645336745526536,1266553.0085335115,1374490.7793117068,24.929518587609884,3.498364267017134,117.29282058805585,0.1604509320829751,5.32374636078892,0.0506692074563784,1.140412258230172,35.44333927900071,22.55716873699157,141.3348798472016,1.8899674902819863,1.3669474371177537,0.5073169338640504,0.9615098318061492,4.241163151050187,1.7870932942476323,0.4133725719829763,0.5196373067278633,0.0044162860403772,2.030014912493498,0.1638628301825442,0.0024741394392485,0.3939993955754443,0.1236589564047264,1.3190343364602652,0.282310588226121,0.0209525841692458,49.70639662306894,0.1226095770760433,0.0403398347736707,0.2086254766055844,6.44528759070701,0.6990461711113313,0.2641807563822035,1.2967163413055862,0.9304774646349124,1.3443228376761436,1.1815970518253842,5.10614507322717,0.0655452218363133,1.5380388499689617,9.213800078498156,0.4077584169246006,0.0522896669245741,0.6523873231745627
71,4665,20260504__197663__49__1055,20260504,197663,49,1055,839730.5661455791,987856.511810448,3.331810653185316,0.0072386039989088,12.56360696494141,22.864666901085133,79.29042884297051,4.395907451250126,0.0745338219006652,51.486047197637625,251.616226005828,17.163630912546992,44.06949475196887,24.49548831307333,3.229388507713035,1445229.3585827155,1661369.9991328751,24.98620058920342,4.56363903054632,108.65260031299584,0.2048273893693695,5.211792657282358,0.0701973600741195,1.0921778065438137,35.24514079213003,4.352793781778239,134.67054201541026,3.4915415716044094,1.3179173175568093,0.5915072061770684,0.7774084084326829,5.935560467444959,1.874683313732876,0.8446661916225711,0.5802696115524208,0.0036229257067977,2.037780634359112,0.1473608578859535,0.0035799719194113,0.2226320163595379,0.0873192276842559,1.053949493353255,0.2491773763020633,0.0227932110864045,37.9861204420605,0.202655797545793,0.039883079070045,0.3155973574441554,4.470541183563676,0.731133983353875,0.9048259163971744,0.8394191979033714,0.9433545282719108,1.3661961472303457,0.9657960788595572,5.35898045548211,0.0322229274539339,1.4988303667615983,5.6088569773075525,0.4043211086404379,0.2871336086404344,0.6552976711404351
72,4668,20260502__244737__60__3073,20260502,244737,60,3073,253199.7776801916,253199.7776801916,2.812800808979278,0.0027287176877954,845.5518127452077,565.8019382810144,193.7872822080728,23.672570095813725,0.02194708229659,51.06743277927809,427.8365663810512,37.16272273148483,378.6069978647272,472.2909190783783,1.966228287144472,1012799.1107207664,506399.5553603811,24.17761443790058,3.5414646748824867,89.30681683085271,0.7031857023801943,5.71100945886438,0.2298373890371459,1.2036696086267875,35.016329758389205,1.94489257219604,141.15272485114505,9.586320768751753,1.4924405112812154,0.989962840465176,0.3229788036801261,3.229788036801228,1.0093483279767286,0.0010654229920147,0.4936813181482425,0.0024541298921651,2.105027553713902,0.1990825978433043,0.0332658598394761,0.5091740215669677,0.005504412940201,1.017152046006863,0.309617841358518,0.0249082597843301,261.3664517411134,0.6832559725717936,0.0356009142372369,0.1780457757800574,1.021186104586783,0.1253875283389776,0.206182024404462,0.6871563698062028,0.9981651956866008,1.991073677015336,1.0091740215669702,18.38699112297322,0.0013761032350471,1.0245062291445042,23.791046043425663,0.990825978432997,0.4908259784330301,0.990825978432997
73,4765,20260504__181762__45__1538,20260504,181762,45,1538,610058.148007176,613370.7034239155,2.509685088744334,0.001955959797348,2.97170991356188,2.855383445142337,72.40016798338748,1.6205468319534029,0.5282374793388239,104.31608908435562,612.0492747011924,47.19347841449194,125.61610221033516,146.78389595056385,3.5382107664168574,1880403.2811929428,1337770.9901482223,24.7624721212092,3.381929966716227,87.80899529953825,0.1561897239293917,4.965814927376523,0.0523265783845716,1.004510329387133,35.457248700147744,53.63070895018031,141.64490503112825,9.7577238231475,1.3679190256697615,0.7483480563764484,0.9593541276697916,9.507639329023862,1.7910719476050332,0.2191211246787606,0.5245838245176077,0.0026926443201608,2.0310498798999106,0.1296829645282174,0.0026537652200872,0.0551304265321665,0.1142850253306943,1.4132010021119223,0.2705043547014299,0.0242826801096783,30.33862735833786,0.2960160723444119,0.037369639526896,0.4186333569977306,8.031509483970169,0.7192297316252818,0.6215113134598456,0.8414404096450411,0.9209870228064344,1.3766277448595634,0.8632358952821828,5.68984852338259,0.0182305014798262,1.387390515086022,7.32520352861648,0.3657680109678236,0.3618617609678231,0.6074672297178135
74,4847,20260504__68040__17__2504,20260504,68040,17,2504,322830.4231359197,263607.6332683785,1.5762730952730506,0.0011120669194016,5.937617783611127,22.185686304645387,183.29922138436424,81.27711525415585,26.028453764506523,426.3636342255836,3588.467349866438,124.39690099858451,158.55872136273348,47.9943968608775,2.285267688383882,870256.4521849018,1013835.387851649,24.5013924183843,1.866298318105656,64.10449366230355,0.1095926687804231,4.786080666772156,0.1121574975881707,1.1080662479172056,35.87722292823156,104.58175202111954,155.44238747420005,27.096260854228458,1.4667381333496288,0.9357401325156268,0.6882473318997278,6.874739639763158,1.6262774053059217,0.0695560917812089,0.4301497629749296,0.0019548359635349,2.01784095992694,0.1167822661456986,0.0027071832323497,0.0553218697930155,0.1667868718758071,1.6756735787363104,0.3170462721148379,0.0250161093229301,58.47156540392337,0.3385575943502158,0.0404215288489733,0.4480942249565059,6.655704303954305,0.6987683907092622,0.2949638012808197,0.8481353197897707,0.8766309385413947,1.3993344183476295,0.6600101614569802,6.450639066608648,0.0094701554689546,1.1828228454921852,12.419249779348666,0.2867671822930306,0.5094234322930179,0.509911713543024
75,4944,20260504__16107__4__3819,20260504,16107,4,3819,299925.8319262839,739923.1341312379,3.077523809569798,0.0048938206178137,35.53552898037658,118.60235780036471,88.23492706427012,1.4004199294547617,120.9750684399278,217.3513840259777,347.48908136027165,68.22124074935202,4.330739077926495,1.1533550886469146,3.470302844581036,1347870.3071926415,835778.9414877462,24.661589365809025,2.5090938842514343,58.016826288998686,0.6963054379747476,5.5166394950387385,0.1204356164411219,1.2060511627392982,35.71010357581014,37.5780399981677,167.67408426328393,54.86248009746892,1.107500991578576,0.5390187278194276,0.2992836767834265,1.7964012275121843,1.847333305828362,0.6924022443965084,0.3031918101044375,0.0018041551592412,2.0586425356240854,0.1331551780651759,0.128825457680034,0.9760654068482604,0.0372017441089516,1.6919553833055847,0.4269528389328283,0.0240870021815173,44.89615147352493,0.5360977008160709,0.0301666008371693,0.0941949754018574,5.037293102405323,0.3404657970769555,0.2893374569046338,1.1504759445875796,0.8184587936303473,1.1528923049258522,1.2846767806517527,21.604095927612907,0.0784410610272346,7.135591279400883,8.567148945074893,0.0522372818482785,0.8618252181517291,0.6401455306517377
76,4977,20260504__109483__27__2987,20260504,109483,27,2987,289159.0724017949,460671.5066863304,2.2566274615327986,0.0051820133704373,37.47407544182537,258.9476324086865,334.7498948177204,299.4242007767366,334.9435391443437,252.6946911796775,2155.118202503474,37.02809416791934,39.08556402573867,5.554225744024547,1.6962875082355449,544894.601352139,645366.1110694847,24.296029388162275,1.3834742261552728,79.28713982258544,0.1615439102532558,5.307985471113287,0.196879248397817,1.3173776795360368,36.19504551768539,210.44998609589965,143.06680759725668,58.9497744386963,1.38707424880147,0.8967477141014817,0.3672436022287997,4.864347036200117,1.3577577051319292,0.0262707269774954,0.3023810693795129,0.0012964508807994,2.0081246163270503,0.1045422988659905,0.0099464101884964,0.1684441988400989,0.3026290193040644,2.031391232122958,0.5226956506395133,0.0259617857384007,187.94004852195496,0.4240198241528477,0.039394184125259,0.4754689638535913,4.318432333333637,0.6075716672605185,0.1687812763452473,0.7676937466238773,0.8424830352319809,1.352454380466091,0.5014520113401026,5.741006243343022,0.0322978798260156,1.279013601441266,19.558605164889418,0.3071160738401041,0.6430535738401124,0.5209832613401083
77,5003,20260502__76800__19__3072,20260502,76800,19,3072,406920.4377195051,404722.83275952766,4.416870331100043,0.0106620205095251,92.28671538515914,72.25315298005864,89.46316749048506,3.011586272955645,0.501743514452215,103.1026796843543,1996.911281663471,108.55667715327913,65.65482295225083,78.61238816644051,1.3158274422681722,669522.6603643872,742264.9480354697,24.403310363588258,8.116123764804353,112.20064967828984,0.4577974826069689,5.456966519121695,0.4527763473477839,1.0959597080598742,35.43397382586645,53.38158910326336,125.73381305016166,30.690102202686475,1.3675776799231052,0.7721108483583297,0.587094299991579,1.8754366342887503,1.2822718094075454,0.0045267912817723,0.3366639491927577,0.0035514802117515,2.074877317989132,0.1798004738899686,0.1674805734898376,0.3063055201496837,0.1861270620898147,1.4101258863578243,0.151875404839426,0.0267709291735028,43.886112252443766,0.4483742266586826,0.0391862552528963,0.1246001516937122,2.1919331997483065,0.169204915176503,0.0712721705556701,0.9014457092904128,0.9279967084700576,1.868071892199428,1.3683172388997282,12.21712968742669,0.0564927030224507,1.368909857130617,7.207860426654381,0.6106866673503047,0.6067804173502974,0.8976141138997109
78,5015,20260503__168834__42__898,20260503,168834,42,898,295361.8079310802,587533.3677746723,2.276043827039481,0.0007795684711877,189.96694882599664,5.816090655079956,363.9372454334304,88.31633381110869,0.60738393679174,340.5165513789034,67.61596923824854,26.138864665397133,27.72763038648764,1.4378375893020388,3.771357702166253,1005886.9997264995,1077540.9475340503,24.95852896945799,1.622913885710895,98.38329090129456,0.1944150848537064,4.895196263847786,0.5228382274129064,1.1149748986845749,36.37178943522864,155.44646192782736,130.61933646685023,43.84523292461276,1.0601038702093395,0.5030420043343625,0.3687517768917571,1.176631231400211,2.0062269338822967,0.0354261093539476,0.5297298207825545,0.0048112096710571,2.010161534661089,0.1591957284538584,0.0138088820506299,0.1461565032885714,0.4774428167768483,3.98840114789116,0.1993628704107249,0.0275846119078857,65.85836238611313,0.1141087283030341,0.0388962957549242,0.0807183409028428,2.292020925140638,0.4138057256611186,0.0581822295370791,1.3653612921039835,0.9057296368422862,1.5421619378560418,1.4744489654614077,5.139248424771259,0.086962537993287,2.600541028155679,7.653297074498171,0.8079450592114177,0.3118513092114086,0.7462541595385699
79,5053,20260504__79845__20__2021,20260504,79845,20,2021,438429.9505875012,376747.086977282,1.871600884101328,0.0005126199597451,1.500289695774374,2.9480461939026914,117.54597005838542,12.118575170669413,4.051859693686495,215.19063808619225,1546.00783951393,133.2574858874926,375.2109501869614,270.7630768726405,2.810670721780036,1263794.6048053133,1065601.6799756566,24.532261078732603,2.466622865661336,95.4428676306259,0.1494287306225282,4.819370573383073,0.0544376344617093,1.060572597598746,35.46423555931442,81.37691422733545,141.30520458023102,17.08246297105826,1.360648171266442,0.8467290045186048,0.9079712954885212,8.296234246931133,1.8248866201171945,0.1146508801357125,0.5563899484545927,0.0022701862800156,2.0365341991363324,0.1221615381003135,0.0037168556581613,0.0108064939968646,0.0721088963981191,1.5697112579152703,0.2252181407965007,0.0247565024399686,26.74519458918205,0.3239748602506768,0.0389919183089655,0.4411669064191679,8.769440975088816,0.6960335141445062,0.4166910669841658,0.8325271584043895,0.8970574512006271,1.37945989071605,0.7528653810031345,5.90143681516755,0.0030665259004702,1.3109816044560867,9.807197746078652,0.3350252439968651,0.4444002439968653,0.5674471189968646
80,5056,20260504__153833__38__2281,20260504,153833,38,2281,422105.43864727806,520086.9260301298,2.676525413025323,0.002364401762002,35.87108010595617,11.366521366434782,239.136110855556,6.686925912172976,18.55136217276085,85.21329186655117,1487.6534274999428,11.952993155651226,138.63921866428726,1.6760384263511523,3.292310678871709,506193.95256383705,1922755.5048020296,24.224230259059087,9.108429608849592,61.17609610351355,0.5653298909516453,4.94949965828663,0.558834030238732,1.115197564606787,36.3021364624998,76.789084241597,151.72001081101817,7.462130211153301,1.289800619726066,0.5838592469543988,0.3227610268481778,3.844757134619721,1.4429209229142104,0.0948992946621612,0.4120488177761421,0.0036665320575848,2.0303398328792013,0.1604400161516964,0.1727535133247731,0.2120060884830317,0.5290463469101807,1.2910131549295338,0.903571785767348,0.0206356858848302,232.2734447315676,0.051425254899035,0.0398515982233133,0.0729238319697174,6.534195186621331,0.1716682496392194,0.456542698430654,0.3266289761237519,0.934588717696606,1.3262219821560108,1.0987248384830357,12.552212151344971,0.0786759132724548,3.3311300604204104,20.91518213620752,0.5301814115169701,0.3760685884830347,0.6044001615169644
81,5148,20260503__149514__37__2058,20260503,149514,37,2058,253184.8107353709,259184.21082191492,1.6314401926464417,0.0005931990803234,2.5967435541760144,3.071820879892544,98.43305484865722,4.732999420494815,0.3759230004009402,105.638687997178,232.3709948305845,27.24561694645594,13.886495649670792,19.05603582755949,1.9783902705023115,1070250.2528186387,1130569.544344163,24.68765532911605,5.03302658030728,105.92901826985955,0.4274384659912374,5.497633278278589,0.5704883476328523,1.339120885266771,36.57948833006213,195.57195981638864,171.06194982907988,98.72622957922586,1.478726772712287,0.9239588082842158,0.7736168346279804,7.134600531247697,1.8292814393141512,0.2167643669469642,0.696513730664509,0.0035197779966653,2.024600433033194,0.1664404818083072,0.0645550634721035,0.5896977868330725,0.3327249220998433,2.597836929993313,0.3018801141804486,0.0244028372433307,9.735574258387606,0.1312102314189433,0.0336346248739138,0.1124812261976838,1.793852164912675,0.1934789031337442,0.0788841303519728,0.1980378390663011,0.8212598698666145,1.091946356744829,0.5315923180830722,4.09651161554887,0.006467206975039,1.2437847874981325,7.270912202541051,0.1573725256669275,0.1925287756669277,0.2320795569169276
82,5202,20260502__192344__47__3928,20260502,192344,47,3928,425659.9353421279,940770.2150751138,4.109081959712732,0.0034817931641582,247.8927754405888,2.615392747906463,153.37993580606488,4.803912047406092,0.0209930396581391,226.12104523507665,273.3557606481508,172.28457257568704,121.32063192878256,28.48723208464834,2.878786524402319,603851.5602131895,862690.0909503968,24.39136025712077,1.3271237017227844,103.6180619814894,0.2251132518764178,5.649084095884506,0.5745927266163614,1.2099219205140863,36.39218965566269,25.85822724746692,134.073979878196,3.645176169820733,1.0116969161050078,0.7062280334546226,0.2669113695567571,8.193636182082622,1.844953887959125,0.0340356410731646,0.7249421243919606,0.000539063068926,2.038704504248729,0.1295019417464818,0.0024627527959645,0.6978514487148134,0.2643163379788851,5.296966272922054,0.6972030225455145,0.0249648448878519,69.02638728227423,0.0640188268686583,0.0351573229671123,0.1276427713609245,2.0269822764749814,0.137119242362072,0.4093933966500588,0.6365623407006435,0.9770312727570438,1.8613663931932272,0.982324332535188,36.67456258954187,0.0119238451927844,2.432399225695867,13.971631881880349,0.0660155112147963,0.7261717612147598,0.4688475424647548
83,5208,20260504__67906__17__2370,20260504,67906,17,2370,294836.9149387984,596336.4501486312,4.09241321843127,0.000463115249245,42.70295861805469,89.18025370631266,77.76749869666203,51.24530719688028,52.37194289131771,53.71232055659627,592.4657805895588,74.58721176336091,1.8905882645419048,53.30724458598111,2.783165464848428,517457.58240765415,540001.7350774572,24.638617347240704,5.307816043271004,58.00442139667858,0.3567757813284101,5.489212301977846,0.0528348092417695,1.2283787479172064,36.21566769676843,19.84402922888035,151.41353005232511,32.83291069590594,1.0059942885253714,0.6282529888526517,0.4749104478015974,1.222520795076906,1.6713554071940808,0.1800616018535311,0.2519879363304624,0.002918210911465,2.07104799117694,0.108090859895698,0.0787234434803653,0.7454593802069835,0.0003806218758115,2.9853317761661056,0.4612287934340476,0.0207456094270698,43.48027690520505,0.3516306088613034,0.0300768022864731,0.2138787930903441,4.493803434545033,0.141901071478108,0.3682760184696548,1.0258696947897796,0.8026659364586033,1.6134126519648584,1.1512210989569782,4.814476064563344,0.1026342179689527,6.800897270411661,5.322661996884516,0.6090328072930191,0.6448734427069792,0.0555179739569842
84,5276,20260504__171002__42__3066,20260504,171002,42,3066,444177.2818520353,461337.6722480352,1.5533638208824498,0.0004000829031606,24.326922903882632,16.885062561373473,488.9124410761997,242.760036421652,14.01554217534629,236.2323579176609,107.6964647340366,15.43446502633412,4.131166071828336,3.67466235340327,2.462482158987521,1233389.4631472891,1692194.0429363365,24.92263674205261,3.176988051258548,87.23032436691805,0.1008583023041079,4.76254214912536,0.1903428379950698,1.1675569353059727,36.580872502736575,182.48681633716416,152.52330368095028,24.81059608300575,1.1133559180385773,0.4409846474294305,0.1636116457820754,1.5362803060553751,1.6681672106607053,0.0767529335577846,0.8734478349045551,0.0046487023711753,2.0488132324564177,0.1487845942985079,0.002216409751277,0.0459514117351038,0.2539721217089368,4.765071284935847,0.2488531368616545,0.0286518140076492,110.6661405905703,0.3112789158867058,0.0379229459978359,0.1034380925784993,1.889190639863052,0.1834891409231006,0.0747206910210649,0.8858633360708564,0.9210831551529784,1.9273616025245115,1.4526896929850786,17.02334024410101,0.0766192742602627,1.115910864266247,6.223969117737223,0.4003376507649067,0.3729939007649014,0.8422321820148999
85,5304,20260503__99438__25__1134,20260503,99438,25,1134,498485.1581577237,899493.6212274482,4.766590956949075,0.005535109861228,111.21487966433538,5.512062427673961,116.40846265325382,2.356770916029069,0.0653698108728054,174.46290802066073,496.70158962862376,175.6699184913513,257.5527892529625,55.99041079038211,2.4301117445999814,700192.1811356372,720872.0129006181,24.304355194128817,1.7351718524724644,95.3797434166652,0.2927481944966307,5.692015159558724,0.8620476895514042,1.249508321353582,36.14163132935162,136.6905821923998,123.8990190235921,3.019697794400523,1.0923423560306746,0.399160037589692,0.3895692465180593,3.711834222882487,2.014281848226752,0.8377630151762648,0.5742257947374619,0.0031042055794198,2.020676345783699,0.121605595963396,0.006367055862829,0.1887291966160399,0.3687062679696278,3.004900812004522,0.9565427781063808,0.0299829950911604,25.41151008719361,0.2416080522739052,0.0318824749309734,0.0913834781476995,1.7056524614582778,0.1920619437606734,0.3258745438156125,0.8644161877625081,0.9913557231767904,1.9783747924738069,1.0519934596339524,22.26058572961,0.0220812455075928,1.5587762326079253,11.336538630430388,0.2365807591160778,0.6623620091160481,0.641365915366078
86,5375,20260502__37764__10__900,20260502,37764,10,900,460671.7836719797,906496.67926522,1.541877844443151,0.0024837782233771,26.887804579311595,1.0284287928497404,530.2158565995397,17.225935287715146,7.971043678160683,185.27006841938984,3404.891387902954,10.851502814527736,40.35772147501259,7.945649752901302,1.228161296246622,1507148.6034922288,765916.5789689093,24.785600060650594,6.25732621533093,72.36593871640996,0.4531082136947932,4.919455510090271,0.1247374089494496,1.2582080844756218,35.27988535091651,189.12041835292345,149.32863362448182,7.233528595030475,1.456224306601538,0.3452020108324156,0.2854657488369225,3.127012275949147,1.0069784545766398,0.7457543406024808,0.4791340870332719,0.0029003286315547,2.0987552205110376,0.1117663382560956,0.0567608477363394,0.3447389611890286,0.0861253732865741,4.464966713059763,0.2083819294530986,0.0273045635131096,80.53636459816369,0.1014364910609694,0.0383196878331706,0.0918109078426921,1.9575739303949389,0.4870914970135832,0.0758761058692825,1.2331857668353303,0.9261743547378056,1.4341466274818189,1.4067258825609508,4.562998144024072,0.0666485308216447,3.804989433901093,5.295690241168384,0.9687623986890272,0.4804811486890417,0.5688352575609511
87,5388,20260504__183275__45__3051,20260504,183275,45,3051,588633.7922603497,663108.6924246361,2.203790057922319,0.0018127212621639,1.122932248286564,1.5538003128779945,129.5921072766192,4.684535352031185,14.711324467424312,184.0105054897608,4308.938975381246,141.1800735757056,71.84105911917632,143.6988906682682,1.691966958337802,975326.9975395092,557605.7223834578,24.30661479285331,2.1182379666461046,62.23561541672472,0.2988292513006907,5.200766099251512,0.6845519895917255,1.315020920612861,36.44024674702274,189.7537558251805,141.2110280780035,14.300925589560151,1.0866577952010152,0.4433550366984602,0.1390020007942558,1.1404691750633191,1.4691515374487685,0.0132861481889022,0.7348763117313917,0.0034592458826607,2.095912034162592,0.1990768010967848,0.0512500548846686,0.6733851984678326,0.1620389315807227,1.934695242738996,0.1115110554778195,0.0203861957346781,160.2687604131991,0.13090726396966,0.0330663956293539,0.2561584970883521,3.905298001235164,0.9988823530152264,0.7647892171762333,0.9564111528549364,0.953817664693566,1.3828922746716832,0.9517055109678324,4.623922920237114,0.0201484047701752,2.033788123833958,8.946056395826973,0.586380426532178,0.5004429265321598,0.9037632390321756
88,5391,20260504__49575__13__423,20260504,49575,13,423,372215.0210490357,273368.1020699041,4.126568189085752,0.0022233587400504,122.67537188834386,412.4338212532854,95.9970962265742,31.603479274568446,0.412320497742156,56.45594260528453,1919.8305452477207,32.36557301739006,42.29618945929032,75.27345344653958,3.5452883555576977,652828.6112232087,1062822.8808444366,24.42774952088346,1.4155670533988176,115.145220430218,0.2482514708054717,5.409927052902672,0.9000233775714739,1.07226773842966,35.947372686011995,68.31919238228133,111.85980800470227,44.707466299672994,1.2353928818761517,0.6971151760212407,0.9474519989987998,1.4755386712546417,1.53040284489954,0.0100447070277805,0.2561688245487775,0.0041845438946293,2.051446705566139,0.1660161533574148,0.4686584751668582,0.1572318460741252,0.3052766076444876,1.8980887645182256,0.1013595464538843,0.0284862752892584,16.317562634899243,0.2768015120274659,0.0409999418806875,0.082846934776004,3.1140831523293007,0.2601286124502348,0.0458243940486977,1.2044847904961682,0.90175675578517,1.6465324846676048,1.488286533574163,5.9721464471570975,0.0728035269111154,2.6489658761197687,5.287181723575008,0.872065028925856,0.5205025289258712,0.6250052835741567
89,5635,20260504__42766__11__1806,20260504,42766,11,1806,403104.8437248592,578027.6761168434,2.2818836402482967,0.0045530381276874,8.262220869265967,59.51701473389087,117.89495773081136,58.909634602354224,0.3280795171410675,235.46947602184963,90.05594791798404,16.901106015490978,62.45440768594749,4.50144219830652,2.557412523160113,683005.5521742828,1364590.699492689,24.342552652414536,5.901618072371766,65.28023026382786,0.4450182905154345,4.910240772956318,0.5104151399730978,1.0626500922780888,36.41081646436251,29.581502032386823,161.3906030530867,1.7574828121331023,1.410906283781975,0.3739017134012595,0.6980122597528867,1.2253660841358378,1.877310999296568,0.0016350386974781,0.8444509175679826,0.0002704308409761,2.0948840536713065,0.1036996324445221,0.307953147118834,0.0199064806952196,0.5575873615828669,1.0052350783567805,0.8838979223240548,0.0201427320680477,224.1635075768579,0.0543145362598649,0.0407863998061026,0.0675457993490844,9.775845650339148,0.1411091651144486,0.9552552046846304,0.1156856145266914,0.9936297336390428,1.1240299200648018,1.451058824445221,5.67591989475447,0.1400953471042829,1.42386549519659,92.14184337691812,0.1509919568047853,0.8997892931952166,0.1680818005547867
90,5736,20260503__169046__42__1110,20260503,169046,42,1110,255877.27760445708,387035.7012761805,1.910397046231141,0.0030686276644126,14.62403107970214,104.24491412151846,238.8297901791363,327.60839163335044,69.756830269383,364.2798099905757,4739.768019477226,65.37580632698844,109.23427030246688,16.524651075581573,2.1538129306487392,702968.4063705078,837674.3736914329,24.203365561792005,1.828831690756168,63.243080192454784,0.1079587639938,5.103514673652211,0.1039994042639632,1.230599898684576,35.801062127271365,165.7980244278251,151.61101509565026,94.46373614859483,1.4280003545843367,0.8086055539141883,0.8575626907681676,3.992405344464829,1.7415257620072917,0.015381711665228,0.5155792586820691,0.0009505090789428,2.033556065911087,0.1015464590461436,0.0036914921055454,0.2210309967114364,0.0567396917768636,1.321138213516056,0.2670529642637842,0.0230013255921143,34.85350591478143,0.1899178417512421,0.0392150323700757,0.2723770109557519,8.902146964895008,0.8400575245584233,0.4622047327808629,1.228642542104013,0.9091141131577132,1.6808904534810396,0.8400041595385664,16.178943436063694,0.020165662993285,1.9908006829003868,6.26819604060679,0.0553361907885824,0.2766950592114323,0.1502302154614171
91,5745,20260504__69045__17__3509,20260504,69045,17,3509,637410.0893809625,422359.60358368873,4.149114162154831,0.0027999412412223,499.4456231465283,51.62711415705324,556.6503611571119,96.74207042001672,107.58736014674017,357.93517918282834,1352.1407963960007,192.21055015398903,38.66170257511338,280.31975923328963,1.9190112829608177,1490180.9132183034,706485.2083838187,24.4785343394282,5.088442161422689,70.22796434550894,0.2949460891980905,4.8707779323971545,0.1814812093844691,1.005722497917206,35.55390261573158,22.224888603880785,122.18881813826307,2.805110736323836,1.036231297412123,0.4856250504761115,0.1112347876857706,2.8990536680701067,1.168523499055928,0.0554869228372098,0.3708849831241465,0.003502687526035,2.0427882255519414,0.1819678130207019,0.0358658013103625,0.9388187552070002,0.3851662531241962,5.733552393737756,0.5768785357390044,0.02822899994793,140.4184812187075,0.3203084150163225,0.0409930219322771,0.2086704746898718,7.496383907912693,0.3262378670371197,0.4785641431568084,0.4848724927102028,0.9286424989586016,1.2480625543085735,1.024071869792991,5.528972209378769,0.0607396867189514,1.0296843663368065,12.399992730301932,0.1302250052069963,0.1666499947930462,0.2493656302069779
92,5801,20260504__230923__57__1547,20260504,230923,57,1547,540647.1810055838,570731.5898227715,2.4700655842180703,0.0021378815808164,4.539516608718359,5.325608984228673,68.16388725189307,1.7987044878554654,0.0619144632585151,59.08763299117268,153.53940678351773,15.80870571191555,14.434737232702773,12.50722310262799,2.255581522476989,1107269.4212047025,1473365.8172221384,24.78461113092348,8.967594874795104,122.67432354161689,0.5725907204250664,5.647009880807221,0.4315353023099726,1.303411239615191,35.9834026725376,125.40561324605046,134.46649328969016,7.064597903093225,1.1085890511593754,0.442017490863734,0.112589230011339,1.2318543147765666,1.1176897498928062,0.0016955028158718,0.3698404817206624,0.0012171251298101,2.0476448496269746,0.1410417213462027,0.0601578949807017,0.5774094009620219,0.4700784530772189,3.9747274434079696,0.8921877910998055,0.0291139377596201,142.2656817766239,0.5691905612704808,0.0378711528394177,0.298388903777717,3.502948795596961,0.4214090545386828,0.1469308238998401,0.5888924636531546,0.8429165573075934,1.2737968638014567,0.5475905990379818,5.185591148739526,0.0680078945193042,1.3704068097683495,6.454385745278052,0.2863937759620247,0.2473312759620273,0.453385963462028
93,5868,20260503__253379__62__3523,20260503,253379,62,3523,398572.94299701886,557595.4452765998,1.7074065162040246,0.0015321660093631,2.4922587253407893,1.994710170054348,140.52322136499842,2.2073642517776846,9.152859745022806,115.27388057745812,2312.562163842888,53.52820555277303,254.2202614518133,177.62104787988056,2.4965221463699447,1818020.9275028787,937760.0221897812,24.747541257905368,2.031823119836,86.87672221409116,0.1034148536771485,4.960627121532846,0.1065030721630345,1.0040887386600594,35.86821441828726,52.06156273983336,155.89594857563526,9.159039738418082,1.476356624972613,0.7319918114783421,0.6400065273882118,8.945983578829363,1.5816786648260028,0.2748280285773817,0.3980337188004242,0.0028883438917493,2.0106137498800867,0.1342317215849861,0.0042197223079516,0.1069656533498518,0.2223440454900865,1.2687080857810904,0.4035756655518131,0.0236373747165013,112.82474775399888,0.2429980241151696,0.0401570909368485,0.352946015199985,4.817660691019801,0.8639378726565408,0.1831728741137528,0.9727987896898184,0.8434634431699748,1.4740980885219148,0.5180343466501347,7.828705704834335,0.038007886372527,1.029994274767208,23.63365856276832,0.2465499716501658,0.7240890341501258,0.7240890341501258
94,5888,20260502__225374__56__94,20260502,225374,56,94,317154.14240206126,326081.9319440171,2.502767757571618,0.0004611673609424,71.5034524756503,5.426843657913039,430.3891625171855,21.33293608770143,214.1400270480902,262.6794962034168,1109.7556091729357,176.247594563302,15.757544558563644,166.94464523712608,1.3611170013986005,1141494.2535311058,502887.0854140028,24.47497059736694,2.0550703239116794,61.16413966292335,0.2434089049089465,4.826847828184213,0.3833344075411836,1.126659030636409,36.61616198320703,115.47108311229448,164.83912636064332,35.10787376968218,1.3160866036530037,0.9991980356325052,0.2558360837412619,5.905314725355976,1.1833532092975023,0.042623304235628,0.2672359079888051,0.0015759418045448,2.0292687446811493,0.1087161017158981,0.0323553155609217,0.1408663265910442,0.4393049522046064,1.9814866802351707,0.9124356893454266,0.0259692101409105,95.59171877772636,0.4410282867776364,0.0364211735324984,0.4472694911382391,2.254423170624228,0.5549585730013193,0.0668623444241173,0.6873574552724773,0.8200677965682108,1.2828428259456677,0.8283663265910796,77.07158669855721,0.0052372385113401,4.342085635544073,9.23646816710705,0.7844210140910578,0.4211397640910441,0.9875516421589172
95,5902,20260504__209558__52__662,20260504,209558,52,662,352600.10301423067,790132.9338413222,3.8450378036847015,0.0057893033255862,199.21894188480115,3.5099857506493977,117.39500833706266,6.083303717031989,0.1445529486467183,299.4465266505608,1077.5427563455862,85.50953628134799,145.35827984197388,4.6999352487093455,1.5794812984260125,695246.7442574416,609275.7820407066,24.77143036752406,4.697587530814413,113.1509466510178,0.5695843585632406,5.035717241131233,0.1642238194537646,1.0740256477525605,35.15993171062389,142.4386714338547,146.60097082901265,48.15109149756298,1.4654494021986983,0.4917352967141012,0.281644649765932,1.356218750279205,1.0378200837434015,0.0720175680887791,0.5168661451946703,0.0044701872155929,2.1048607424080696,0.1407221036868569,0.0320509639426204,0.0795953693814187,0.0093716846211408,2.857657879154058,0.2959354088604499,0.0294677181811856,217.3697496764699,0.1683208040441368,0.0361068728118042,0.064546265266141,1.1690654162056815,0.3609111406505279,0.1647375674600853,1.1935624233839466,0.9999012386237164,1.9078364311268872,1.0126897868685885,24.71508738122212,0.0038810070927845,1.376520262847863,21.6355903609446,0.3657281818813656,0.9477594318813772,0.8525445881313904
96,6123,20260502__214950__53__1958,20260502,214950,53,1958,436718.225825011,714849.8485729394,4.41196804194278,0.0026857923572163,1.80566214107056,5.574508650644709,279.67384603385926,430.80172708888784,6.836088939621144,83.10545970198594,95.0420940452248,43.145134156713134,270.3469032736509,82.4224788712538,1.50932085097162,532519.942302324,927045.5592656723,24.83468460323489,6.641686484750134,85.54116238492995,0.1090265246493422,5.045335670461075,0.4213208730408705,1.373224758230173,35.949024002249274,37.67044998699192,124.10376656595224,14.300808260815314,1.4858585699302598,0.6933450035297433,0.1849465654135284,1.2258080791997517,1.497602994814883,0.3399231319221589,0.7133134916533268,0.0020041766653771,2.0000988968684954,0.1354535760674565,0.1288627248219299,0.890093145575435,0.2941144810952603,1.2836979509461086,0.1841536333592322,0.0262064904192456,245.18464645852,0.2594960912594569,0.0324648527263297,0.0804218649714518,3.367366248750552,0.7887565325446413,0.4110774121377369,0.501013216305609,0.9872959728650872,1.0679007951363526,0.8975045106745648,43.60238322882603,0.1270686593363149,3.255170430321148,6.692816886234833,0.3081490419245613,0.6636177919245648,0.9364798643254364
97,6207,20260504__108531__27__2035,20260504,108531,27,2035,550808.5169721822,594190.6351803268,3.6118291055235217,0.0072527676390245,234.41834912858897,240.24562329422665,497.2736524994597,423.1099762727301,352.01307396435857,407.0308885543314,2413.3339557071217,104.37385923030568,80.74387455458582,67.69198347756443,2.2680347402817587,1089789.2027042848,1000694.932394733,24.54002529933773,2.850081538997112,76.3955711149148,0.1695057488868062,4.949123903886721,0.0788052624144064,1.0388723204639676,35.06347010731466,4.034388904097089,113.56317478475492,1.44912933378101,1.0672148136985202,0.4134378757166215,0.1784234823316122,2.0557743774406467,1.3746485448680426,0.019389167346388,0.4889462464579034,0.0027269866192004,2.0636089913270483,0.166160826134008,0.104391288912266,0.7778191988400809,0.4995040193040485,5.245310646289884,0.8886231771082338,0.0298975892615991,191.0861911954669,0.501380968193724,0.0390074653752591,0.3000981973398879,4.981443290966937,0.4714012289522504,0.2773452294560676,0.734881246623887,0.8940455352319838,1.4246692242161012,0.8540167386599189,9.60732648767794,0.0356708701739878,1.592363298396959,7.358623822647205,0.0600714261599191,0.0053839261599184,0.0561395113400806
98,6231,20260504__180799__45__575,20260504,180799,45,575,317887.6730001637,444718.3926777343,1.6241037316420504,0.0008092751088865,7.561661550650591,1.423680930562875,204.60274162505272,6.084809655896311,47.76826201666876,167.83953409839418,4917.085122502471,93.23838438757367,95.64215019499196,489.6293243670607,2.010209267742353,1449989.1481941692,747924.2044002012,24.612115675896685,1.4568769035692664,73.81011151047491,0.1425848542520251,4.800727036751508,0.1736371106205455,1.069354079387136,36.15864518452275,86.6521933251841,166.25192651550418,19.416754830171246,1.4365511891739762,0.8758421106863705,0.4395629218303953,7.677300707093217,1.4154152093237378,0.0890370919657611,0.3174576068652381,0.0020725271326607,2.0066815654125887,0.1179153864032168,0.010388188009629,0.0561976984678764,0.3202420565807019,1.7168100633231742,0.5876088437411129,0.0252690082346782,146.07250861255775,0.6918458851111379,0.0383847762456465,0.3019165392860049,9.774333434931185,0.3694662515048825,0.4855773637820745,0.4053075971450165,0.9063385853064284,1.079691709703313,0.796341364032169,6.883409901032677,0.0091484702298185,3.0020559790918298,8.702140020184949,0.6519008234678814,0.4097133234678941,0.8872523859678542
99,6268,20260502__217664__54__576,20260502,217664,54,576,303820.56134024746,289351.7121615653,2.402380173248366,0.0006436642612159,57.15150428074592,9.30276844627644,398.0606988463158,35.79386856875232,304.8847989662381,317.4863707234535,1319.5727628297475,189.7546471127932,19.64956281632097,101.32616959036343,1.4312146049197865,1022559.752566238,530673.3799207025,24.40990468819378,1.895018815694468,54.96442619434089,0.2246469351907516,4.90175857410553,0.3382929466895606,1.1568442202981772,36.54015404595189,131.2622023830349,167.61134685981122,49.25204033786716,1.3382797476857586,0.9225987933432384,0.2841793877489054,5.0082537427703775,1.2308460870716218,0.0261762017340775,0.2501764641335292,0.0012279238087727,2.02412133556652,0.1018533980504543,0.0246126753741259,0.2085168007454607,0.4089967991972676,2.2421744282109013,0.8104236630819243,0.0266261836324546,128.3570403175534,0.5231723140341515,0.0370090495667999,0.3911379827585461,2.5529671835159577,0.4865595898712889,0.0793942005189076,0.6008499164563681,0.8087932038990946,1.9534605775941123,0.7021277305045442,9.008676223431843,0.0037384576118136,3.722624398100227,11.136458932508257,0.7251183632454862,0.4790246132454329,0.9521691444954906
100,6353,20260504__113114__28__2522,20260504,113114,28,2522,252791.26218990027,312235.3964478151,1.665571456780895,0.0009994493391916,2.8793644624953885,7.163968680282753,101.70724904544572,10.709690267081555,0.4298361277684032,142.64116607047296,246.5389041093572,42.31585095707885,14.85754893078362,42.34146511398248,2.005647233138553,1277154.0603831771,1145284.4838970352,24.79266330344542,5.119453605951061,115.98256355037536,0.4336891846611869,5.619704534866282,0.5815289583503415,1.388555262955626,36.58913927952754,202.4348512585196,171.34409424010852,2.7532562088924943,1.437931999840137,0.9567206659425864,0.6418306260505365,7.691901560986934,1.7476300769955433,0.2734700352288537,0.6241302307385908,0.0036928639005546,2.06214027719176,0.1664842311360941,0.0338821374817876,0.5911118426109391,0.2632608555665619,2.6093752560686148,0.231759541952578,0.0244365090511093,5.136673793296323,0.1327229993066442,0.0323933435499703,0.1137472451273921,1.389192268589113,0.196048879406471,0.0559298335603787,0.2082206421553235,0.8007229439778131,1.0999736002041978,0.5773451886390681,4.015224363190287,0.0226613486083605,1.2107407530168472,10.21527227859457,0.1461928448890624,0.2985365948890559,0.2199233136390644
101,6414,20260503__188765__47__349,20260503,188765,47,349,463962.1675712043,886794.0067017373,3.0630654983088283,0.0092182058288275,94.51255879313628,82.94903116873571,361.5556585318477,36.61433975961586,166.39596207370187,146.89024894680225,4935.713525602331,23.54938478896765,202.02428938396355,4.594490915789731,2.797295002181402,602100.8983431329,1254116.1113088,24.18884968389887,4.011919567221306,57.09676826368376,0.2380906811305785,4.935946871721814,0.1341113852220082,1.1245095649884904,35.38808087330121,89.59163194390493,116.77192133795182,11.691233244646735,1.002302743873207,0.6770037114466145,0.1306054838608393,5.709346649220056,1.231608038683169,0.4015536819443948,0.3997681179630822,0.0048962133123561,2.04769425347195,0.1909429212528789,0.0443538339451245,0.7981010875287661,0.4035612224827427,3.5719991684519763,0.6080372168655653,0.0257544483752879,152.79176010769442,0.1701794753363311,0.0323552838378169,0.4931197459909421,2.2393933162426647,0.781063929767946,0.0951499234286345,1.0790602725402538,0.8260264675057611,1.6686246237904885,0.5188042125288184,20.66121927572064,0.0138785868706862,3.1666330311484354,9.557160469682238,0.325444837528803,0.3151801624712165,0.2141167125288156
102,6763,20260502__252203__62__2347,20260502,252203,62,2347,347425.8024588917,573195.1038419105,3.7293585543187113,0.0006520621769761,256.28885841811865,9.306518860771089,131.78452289204515,165.7662857467411,0.0760684769969501,252.9227237121532,744.4731210368474,15.325147718617751,248.89441084169653,4.534385709796994,1.8108559565682671,1350750.4696163638,518674.6654986711,24.841873874452485,3.6089396029511134,76.89617852207846,0.6798967119909671,4.875023448688633,0.2618093110303373,1.244564736709645,35.14065176539207,193.9705332938875,135.046211941153,7.632117825790766,1.431519146299236,0.3450437726696604,0.4551131752248837,3.20584921521909,1.1879918410446837,0.8684157927870105,0.3732702498455322,0.0027339564161294,2.080854577103056,0.1073158470725886,0.1355403461477301,0.4004743417741124,0.1739732074355337,5.055120336097367,0.1526432016882717,0.0265226003322589,40.14159084872162,0.0801123866187232,0.0395596259904848,0.11346418391293,2.4685653777613386,0.6157990212781985,0.0573512693895797,1.0608202965162443,0.910368305854822,1.3034253795162916,1.4745256582258928,7.057536091473813,0.0751339268588841,5.755424128722151,5.452486621486498,0.863197533225887,0.4463727792741111,0.4463727792741111
103,6783,20260504__212300__52__3404,20260504,212300,52,3404,443240.2568384414,846614.2495341625,4.368311083163737,0.000658549623411,1.7472559573986155,54.49155237899095,280.902678913514,47.89408537036221,6.907461950233185,67.42908884774997,93.2442340809441,140.73098748805992,259.4215929497316,9.677686205224878,1.529120087427754,855241.0527810964,910810.8127500413,24.884096383149046,6.85734573171624,58.64221155210747,0.113093276850148,5.371635209881243,0.3950001677877833,1.241213147752558,35.99256842937388,31.67460981614596,122.36514245223842,63.635562334851045,1.4707882693861958,0.4870116980756214,0.1996634147524851,2.5511309736410293,1.460733627194085,0.3330255194591894,0.7530572035171412,0.000441922159407,2.004555273216929,0.1664056974368585,0.10052859503883,0.5835016193814251,0.3228548778788546,1.3677636889057574,0.1638135956821598,0.0292138119311859,228.3569396801138,0.1182527006181072,0.0330884396881956,0.1495483939231693,2.938462595125684,0.6876399785492898,0.4990728648023805,1.38085163911611,0.8137706363762833,1.0498100639393673,1.183588224368573,35.52292765004631,0.0845955554072102,3.9294919051879655,9.101224938260778,0.2338811931186248,0.9409124431186496,0.9863225993686502
104,6786,20260502__185753__46__1433,20260502,185753,46,1433,404959.36403809,711210.7579552946,2.99105110379397,0.0006718133846857,49.79365355838473,530.4394243867421,123.13541385431954,1.7937111459318698,66.68033223385507,310.22048917141177,60.49237627859488,20.82738370294325,339.00948020633024,33.72790843091345,1.2057334048691632,1067537.354160572,1406052.9720823714,24.45184764341234,2.753926163747155,111.96067966014694,0.2779231212107678,4.850752714510961,0.2963504557025028,1.3998926895963026,35.521006843703574,24.07249951395619,162.08226185330548,35.183452021681504,1.0328705730734122,0.4840237730941336,0.8971327769036502,3.520519255126098,1.1634725920034092,0.0501214444028887,0.6842466863041935,0.0016002211199538,2.041020624756979,0.1793237026009236,0.0315759692333185,0.0934817239907664,0.3681297156055385,6.153833656924626,0.1875725246982642,0.0213308077600922,112.0891048776236,0.0976498537628428,0.0382900177138983,0.0672839702637974,2.274748655876417,0.8696006479606984,0.2307125218946328,0.2519380864129276,0.9172411552018468,1.7146803736930183,0.8005129739907693,13.519245736663702,0.1219152414013841,3.551168060765676,6.324661399827341,0.6330807760092402,0.9606692239907602,0.2536379739907628
105,6893,20260502__187161__46__2841,20260502,187161,46,2841,400299.28611831967,548418.4650326199,4.835454165628761,0.000411981203163,32.54871416891564,41.3262057538584,69.24413180470002,189.6618620621421,12.59218219335451,93.06138899576212,1808.0714937882776,19.71342777746068,3.62856073345159,235.18928752367063,1.6109872727482557,1067537.354160563,1823425.1101310533,24.192472643412344,3.553251262866832,98.15344533985323,0.1174627681265223,5.547997285489039,0.3567975830960172,1.100107310403689,36.37024315629643,68.67750048604134,122.41351185330628,62.5660083042447,1.1881830730734098,0.5948512780299112,0.8971327769036359,1.113285939267769,1.4819100920034087,0.0728578618603842,0.2876902928312178,0.0040247788800461,2.0716043752430213,0.1230737026009231,0.1259297415212629,0.3434817239907703,0.1056297156055367,5.480597055282531,0.2501319817701205,0.0250808077600922,235.6502547023228,0.1571199875251963,0.0307275177138985,0.1583317983189998,4.32047733036853,0.1584410667397245,0.5140583723279984,0.9730619135870648,0.8422411552018444,1.738007126306971,0.8630129739907615,6.392856607750992,0.1405847585986171,3.0111904456588903,23.619546361310288,0.9919192239907656,0.0856692239907836,0.4338620260092146
106,7024,20260502__23722__6__3242,20260502,23722,6,3242,518286.8745570977,772638.105610675,2.5977795394542844,0.0141251196341891,9.540129556359028,12.05190092460914,588.6849657634284,4.291990432640889,171.89672178404157,68.58189974956774,1879.867059999504,8.022109034763815,66.37961237417454,1.4259409917143568,2.2272893503410818,619222.0707108016,1008201.286943753,24.378688865637013,2.995646888430125,77.91696078695932,0.1846516561491438,5.176852939622605,0.0950375321760996,1.2171745097949416,35.2086515564125,135.70209956631953,111.27270086922464,29.822525868874173,1.03832663310772,0.8335582488366866,0.1493770679866981,8.542955605150551,1.2766094855776289,0.8197315399252804,0.4167458495930675,0.0043702795650631,2.049373510720661,0.1776887944262629,0.0447676446303156,0.6797199755126269,0.3960742646924271,2.9444522030353504,0.5718626642083724,0.0248538403801262,121.4972537398408,0.1392885204402477,0.0404679044881112,0.1125234581767889,8.790977455933147,0.1846521753488346,0.635942757258463,0.1353970282176573,0.9513736826025214,1.0274434989824914,1.1597004442626049,5.358848141517106,0.0843798713268903,1.6720770192380507,21.94175331326603,0.2919597119873972,0.3681965380125974,0.3891276807373996
107,7056,20260503__19450__5__3066,20260503,19450,5,3066,421189.3226783561,437461.5939157569,1.6315415412747034,0.0004646192903393,399.3964395269899,25.70180651330608,181.2701016842789,365.12180814667386,227.10994975471704,203.07771299281657,862.5221728911122,12.344642282893602,3.200131120584333,5.526854347940448,1.3895555609925627,1350957.854974283,1300706.2375702015,24.868124731647587,7.647756570925289,81.97070348828387,0.2315658782708017,4.781821429425136,0.0523499566957001,1.1938277836939375,35.813861762438016,196.41036598278544,167.06716166357228,18.33508621901686,1.327515658447783,0.4102598172449432,0.1648506625738951,1.7870947716195955,1.2290751070852914,0.1208165267607426,0.6299882084735259,0.0043203167663258,2.094489152946108,0.1422168822015167,0.0239295304288297,0.0197257092348261,0.0045708244591182,2.3531197435823863,0.2718169221150395,0.0290351477173483,137.2568561819195,0.2813291629791096,0.0375012789171669,0.0954239952712377,1.7307376865605393,0.1988370779870978,0.0841526475422351,0.9395300554287256,0.9287498293469596,1.8900632325707925,1.414356322015172,15.176510054938769,0.0708692686147767,1.008543313989113,5.510097447717381,0.4386710217348132,0.411327271734808,0.8805655529848064
108,7080,20260504__47267__12__2211,20260504,47267,12,2211,337524.23424199224,445211.26540457545,4.582247310614682,0.0010188282321485,24.953138284712463,305.0744619233393,91.30678710560336,16.435385245759974,96.57296985603764,80.12771397357072,462.8132828162255,10.71840567738693,172.97998417616995,2.511378177435359,1.9032056159352184,1522973.7983303366,633433.9601833593,24.61926323144944,7.012284467891196,59.12885623246268,0.2776809133555113,5.493880555788616,0.0752488619193697,1.230184275698524,36.40927372314157,16.92030262978241,145.0988942433383,29.52380794277645,1.050830021819584,0.651000782980258,0.5721990379132005,1.1107928120238282,1.5983358485919883,0.1266833370123284,0.2747493544436845,0.0032191003212315,2.0766769481898915,0.1011453373253691,0.0618033342236144,0.6667268107536923,0.0203485864522135,3.5143754727685805,0.4888636525194338,0.0202272631424631,39.74411756872955,0.265429993348996,0.0300029191442096,0.2729012836508408,4.46758343344256,0.1385782181237118,0.3820469711303795,0.8377144100551676,0.8068890128492616,1.7532074303241578,1.120828373253693,5.254909066821906,0.1085847283869459,4.432322939974076,6.218514597737444,0.7805388142463068,0.5866486857536901,0.1252653767463061
109,7164,20260502__167749__41__3909,20260502,167749,41,3909,325902.0469371032,902038.1266169955,3.929349061265599,0.0029855874577987,107.51970988726666,1.3483607034279963,80.39989213744212,43.55175207720689,1.6117022356923412,339.74442977847133,4856.983169733243,17.633420330307693,14.42523799238165,6.022311669087093,1.1651102193636145,1623285.2842040982,1275674.5524393849,24.65969571780273,6.178619462188465,52.358281439250725,0.1492050000303171,5.26047693108834,0.1458109069332971,1.3633416862904704,36.63371543350745,73.73515623394744,143.10820300964076,2.6636617146343733,1.0193389704090918,0.7793483448526024,0.3976109025189612,4.6362486056862,1.8559547426999528,0.0020742424700281,0.3682853542980247,0.0022746351713691,2.0297964843830254,0.1984526090726151,0.2085672403874764,0.4239792157261427,0.5954031544357072,3.02890997742254,0.1369517730631402,0.0203726046572614,50.19983355810127,0.1989405107962172,0.038165724497988,0.4191568310446247,1.515032474644859,0.2591510129729833,0.1456515875449637,0.2868978479833898,0.9878604068547674,1.7718061137234642,1.0001510907261544,30.12500775913021,0.0090593676410781,1.3489876877103548,35.975102758863635,0.4471145342738845,0.8185104657261284,0.9923385907261788
110,7181,20260503__8013__2__3917,20260503,8013,2,3917,266737.35508900555,836205.4118935118,3.919641182051669,0.0033190206984951,171.14858416374224,479.5573479759025,109.64759430325876,18.65357474824569,0.210203359592241,52.756794156090486,1334.521105228596,40.68487466557322,106.68740813084482,465.2537754727033,1.4605630222646966,992087.6309593788,667903.016731598,24.17010715897642,5.458028836388342,89.56192437993661,0.4857115669406645,5.708389099943509,0.1260746298903217,1.2070828928801969,35.33004362668313,4.996120726502603,153.1315711909854,8.732689841129353,1.4106715881536536,0.9619428572370486,0.2148623677107609,3.4765200002235903,1.1650578928876978,0.0013836056334317,0.6208177817633503,0.0022356825889976,2.0900722791132504,0.1941277142799494,0.0142472919715068,0.564582232200497,0.0831256606797029,1.13949272573772,0.4292234023716689,0.0242369901779948,134.9668946990014,0.5635490878845891,0.0341693889292055,0.2101688184649997,1.300882186076068,0.1497421302094655,0.2976715015804033,0.5603661249193247,0.9793226964401034,1.897253284943904,0.9024728572005444,24.979525904672684,0.013750165169925,1.362887011170674,32.17431678844697,0.3768240177994791,0.9200509822004828,0.8709646427995239
111,7471,20260504__141745__35__2481,20260504,141745,35,2481,445321.4903800571,686779.6232509237,4.346230584676485,0.0114298304597974,170.482723653043,17.001453626841638,131.67525868101964,1.1963911510274092,0.0417640227158792,121.3890672986466,419.5437148156904,106.10107964912302,220.81348589373823,132.7964295814471,2.483646714593628,838106.7164629459,728035.5780406105,24.204411443237262,1.74277432899778,86.47957394505374,0.2994048654748347,5.5921928787620665,0.9171945655200734,1.286541171933851,36.09432696510565,64.08557112494142,122.74020170660368,1.6731856851087656,1.1060272813721903,0.5936897688304454,0.4240304747837196,8.707571919488812,1.976752698001488,0.086720403416715,0.7992225200790125,0.0027223896491731,2.0245896605624707,0.1130415429834624,0.0054658520426731,0.2836470701653744,0.3576882420992213,3.6451571774926337,0.9767657658277772,0.0288822792983462,25.38421546867428,0.1747528619687518,0.0317783197281807,0.0692217040123336,1.7803086237323231,0.2582509376415015,0.3554609710396811,1.0752308982315364,0.9838955859669226,1.8228317132290748,1.005415429834624,13.411728921954712,0.0137029394751924,1.02730990294966,13.943679149050467,0.424272070165377,0.7367720701653805,0.8383345701653845
112,7638,20260503__39592__10__2728,20260503,39592,10,2728,269149.72477586905,573635.6710774503,2.5590274355091984,0.0010043499065252,202.58718048662087,2.274122797853698,430.13247104065664,21.30331864410392,2.90680236369174,462.69666523115154,2494.3771863880293,10.815321901546104,107.21907394179826,4.33084487801386,1.7385294767545774,1148104.7635832378,537908.6922703963,24.96961924241452,2.4547870845961115,103.8825484960374,0.3774978720177818,5.042882974694318,0.8908214447824305,1.021882108543138,36.06379649198305,88.71665815286255,124.84366209098,36.68501218948393,1.064560590177348,0.8516678177531026,0.3116521412414388,3.0918370965804223,1.873730999638645,0.0023951968794049,0.735900002578502,0.0011866122942891,2.043992256861069,0.1601091990107842,0.002654169420488,0.964861521357848,0.1875106628147001,3.4714410204582298,0.4745558184825686,0.0230759941614215,219.7390150983236,0.0579893376141965,0.0365579099838138,0.1475718645674802,1.700798926533187,0.6355574708024841,0.0676291342394126,1.1935298075990135,0.8990269917715666,1.5025554623750763,1.358904490107839,5.816552062614861,0.1165988967963232,1.8779361497995093,18.610809431259693,0.6025568338578532,0.0497869161421248,0.9663263651078412
113,7742,20260502__13189__4__901,20260502,13189,4,901,496364.6065245739,971457.0731082044,1.5468950505243266,0.0017253098263555,31.765842731395978,17.414752314593684,65.44192661865969,299.2009832303275,1.6044660716420678,204.59432374053284,3140.801977992178,11.316125883435191,42.4460121650321,7.749324615502687,1.2283563088598952,1516107.022780735,774652.7218170558,24.775162193206768,6.471154564796341,70.69408395216364,0.4315338000736517,4.94804927037032,0.1129676304653172,1.2731993195389093,35.35354947194813,179.41529814438016,152.4821481215863,5.638854678167382,1.427405314222911,0.3697119187775891,0.2450571205265598,3.6796863253849694,1.0829830790253758,0.7770665749704151,0.537478089014385,0.0024639147557636,2.103578742822189,0.1022079826152706,0.0327701391782234,0.4486232988472834,0.021451020691625,5.497141328906138,0.2722396788992963,0.026099704511527,161.98058985032316,0.072208478033181,0.0368600655876797,0.1225019196732404,1.4183611492845298,0.660583384748694,0.1205516030915007,1.0180211316137864,0.9576934097694608,1.2765305458465912,1.2408298261527064,7.5998225970826,0.0405190051729074,6.095958895726707,9.458185759760172,0.8443454511527085,0.6712795488472995,0.3736423261527186
114,7788,20260502__106320__26__3920,20260502,106320,26,3920,566160.8193417363,677317.2680972387,5.007702992603173,0.0010624679533963,24.77721399981097,4.072610519099515,60.36629169618506,72.26877341184131,2.2546906412503214,347.51113161846234,3667.906361124833,24.87198239102676,35.321521044964726,1.821339108141232,1.1816363303124786,1095380.6154645246,805019.8806600529,24.97098784078821,6.827208564436201,89.70573681162239,0.4109664941481958,4.766037648234857,0.1053378134375061,1.1770677009755666,35.392492284966224,141.3595533920403,167.8787711632352,23.959576086798712,1.3075705299753635,0.839613113141764,0.1411288828690818,2.353877580910232,1.3256952026102349,0.0019604836560278,0.7462450270104627,0.0028334634496945,2.0786415123664743,0.1964069028811068,0.0090127843931132,0.4948307475610736,0.1179453014633466,1.048586200999293,0.4632482460714912,0.0244364581493891,128.8706017316077,0.5562269923539446,0.0343528061919221,0.2237935939181946,1.182972367051036,0.1679503898241852,0.2422167621301212,0.4488385159144534,0.997598962012224,1.79551161621679,1.0187565288111249,36.8150154589832,0.0074277371341695,2.048269930535239,18.978955748956484,0.1975520649388746,0.8889583149388596,0.6667903461888695
115,7991,20260504__227466__56__2186,20260504,227466,56,2186,266374.9928559985,559357.6967087118,4.271749792947463,0.0012049003085024,8.828510055985863,237.82178698510188,209.2979041312121,1.0474353873056672,8.241686831891535,370.8688453068345,146.03277832087554,17.3550324982635,182.4775982197864,40.56432573513206,1.008286187473059,1059028.5565596526,1639387.5486122177,24.43678044491218,2.30715316721502,115.3304948162421,0.3145574210098227,4.786067997080039,0.2636920904079831,1.3639204516143022,35.54779561905865,48.21005126942005,162.64561569947563,18.654092805153464,1.016568133787021,0.5782175263022773,0.7872800638767258,2.2960059227891927,1.2456582549813164,0.2131582183705889,0.5919020600607267,0.0004327947076787,2.05464213500971,0.1949351910285754,0.0136093463899592,0.1878551209642441,0.4739435413285459,3.49448405390497,0.1182733958882328,0.0246226918346424,191.7406016230402,0.1438869953054908,0.0322167969556066,0.2873381164704363,4.531932486409616,0.1602053169648261,0.1968810765783861,1.3844637681500556,0.877370382057151,1.1713001225419604,1.2503551209642445,6.498242365887776,0.1071732943553634,1.3454518792418528,19.16067017500501,0.9752308165357536,0.4400745665357539,0.1619762147142452
116,8062,20260503__204421__50__3717,20260503,204421,50,3717,383268.09749323607,783321.1519968504,1.8269015090521328,0.0054902248018546,1.002593978972626,27.00388245162961,85.67003904865314,9.422928522424993,0.4569637022447959,80.46748261732398,374.5403085394086,8.364318469164541,40.45291929470894,1.8842651481283592,2.7869198866548217,713250.3371821858,1805407.0910353824,24.51074578426005,8.487162483093957,95.23359837664752,0.4510422220570282,5.444748222680553,0.3117674340370887,1.3493710857879788,35.812837730743524,206.1223870323761,129.19037890009264,43.24710802210272,1.073584160283449,0.690858710445417,0.1014472349704348,3.2313558396627187,1.163587294169877,0.0116215413446569,0.3868022062813044,0.0010039551776504,2.0497278689838137,0.1046494160530067,0.0625132754331731,0.1078027144699455,0.4666347536819575,1.6255964038547834,0.8551089745483256,0.0241639646446993,169.45179246508002,0.2254538419378707,0.0383532326408307,0.2803561047660607,3.9859207771964327,0.2408609974343049,0.6877417076887777,0.6311074497420562,0.9932832071060094,1.3154888181957158,1.3121191605300333,6.124391218505474,0.0986733428295029,1.0324467908879316,24.77088005769912,0.1663964644700132,0.3492285355299931,0.3206933394699543
117,8341,20260502__112700__28__2108,20260502,112700,28,2108,541217.9470902092,744951.8503928866,5.085228443946255,0.0067578895347035,23.3829093916892,4.436358345583988,63.757359793875466,4.934288893685808,3.723209902685424,278.9741238045321,4860.2487472497005,93.99752967943355,20.532125011762897,5.486373692435454,1.019625541008925,674394.3703760088,966083.0258999566,24.75562998310525,9.30858281205084,114.4408371440768,0.2925957967489628,5.048630929210066,0.0590711130902825,1.069926629659157,35.77268717385825,140.887285594353,168.63612553929175,31.692229279977497,1.4203085454609978,0.6345846612586985,0.226957816512754,1.2493030517424644,1.1363431671817024,0.01510897068949,0.5934070967906617,0.0044141219332394,2.0939909275153235,0.1627429519602108,0.0179026823905884,0.1376834258521078,0.0556711944887348,1.9206169247242413,0.3824119172469863,0.0284180876164789,183.35831402504417,0.291805669042575,0.0348177403406231,0.0888375281548874,1.125588434690224,0.2360409942391738,0.2412788238957395,1.1211103913070484,0.9937476226704214,1.71730532882285,0.9789920196021076,7.725300382883607,0.0016131111221836,2.039344418300987,24.533864511389275,0.759777511647893,0.9902462616478924,0.7504763946021079
118,8379,20260502__12142__3__3950,20260502,12142,3,3950,460136.2951004502,301097.8550066666,1.8562999919661447,0.0009453257770799,11.140023049955548,1.0023254587098112,225.2854302042849,3.938521930783752,62.589026570283096,137.96305324631666,4650.419702599444,66.29586927611673,97.72075686418616,238.99732575018044,2.0608190351698688,1737635.342230977,783870.8338541982,24.733028700732,1.6099253165370042,86.68866411461983,0.1256733607883324,4.973159781813094,0.1369327024737597,1.007081320382894,35.990597499296115,42.93244707206676,159.29907168355666,7.005719957294889,1.4954817328617542,0.6752809924674411,0.6065128683568042,7.29719705256108,1.573315054300415,0.5621953466971894,0.4018755367439761,0.003482071192286,2.0129527217764656,0.1476199394707213,0.0034361691099288,0.2559845509572103,0.1909405194256709,1.0685569988211343,0.3455007884498495,0.0218444513654272,70.93490465761708,0.1454662196673176,0.0407676660332203,0.2271122579444641,6.235506186136532,0.7227979272466095,0.2724461467887136,1.3085736838401691,0.8720953476914466,1.7221896673001649,0.6402618947072294,17.583876474597453,0.011992942356416,2.06109251088055,12.97970931343348,0.0538361134572513,0.52038263654278,0.1663787302927518
119,8420,20260504__150213__37__2757,20260504,150213,37,2757,987016.0862194396,341485.32884408627,4.668602277099761,0.0015606029489661,179.91702881723765,20.352817392039544,262.08241018308763,40.12607751721875,3.7654716324070807,260.6785254621833,268.31624967181733,121.94076541708117,5.076193337865836,397.85624743165147,1.2173257548609646,1774543.8777402814,517669.95640784304,24.82626211634503,1.589916623046305,103.46584320968704,0.1545152176627632,5.273691828636299,0.1401649102203166,1.168614649443387,35.83150074747692,63.27982670499692,147.45885956207013,2.243291688249497,1.3544748136915843,0.3527493683699126,0.6859238066937565,1.1766596920062582,1.977549883667958,0.0038114765679442,0.8920897377583815,0.0015837231319575,2.072289774147504,0.1794583498608479,0.0226789859690605,0.6715366236084788,0.3377030258349066,2.764276356350823,0.4851602949317548,0.0242544287360847,94.0797054706615,0.1110591988370078,0.0402517690153066,0.0889591037226158,8.66670238772422,0.1384029987877231,0.5756703303408643,0.0934424769481106,0.939776074721697,1.2116671308539375,1.075833498608484,10.21108997062796,0.0679179935412724,3.159223177763528,14.258719060787946,0.5589321263915467,0.2066928736084636,0.6819790013915474
120,8535,20260503__109483__27__2987,20260503,109483,27,2987,360736.7130904754,574704.8631610987,2.76830013341792,0.0096728545753132,110.93154080634989,501.02603241627,483.3501905122409,111.09367276767432,148.35927427999604,175.00669898101788,997.5324717725716,21.5213395855679,15.02726595719368,2.060753057647836,1.3724420559142838,572375.4849884422,517312.0984489317,24.42844878741448,1.915258134666573,92.06369735308476,0.2211488319187159,5.46433608709781,0.3175178521237669,1.3811942574889038,36.47902928957565,176.6271997808801,153.19290310392782,81.3645004857133,1.307782150695033,0.7524546689034372,0.2543389029976149,3.368861108752665,1.1951849727970008,0.0087266539841766,0.2578570083409145,0.0004987436563886,2.0250360094845603,0.1114118456222262,0.0240014334030686,0.3279856437222661,0.3983538862333647,2.7304747788429737,0.754727772070249,0.0275572001872223,164.44494941946988,0.6460127424288586,0.0376392282315552,0.3399058984117635,2.9990713305503403,0.4349102665647862,0.1029095893623092,0.5443357237888432,0.8105747462555474,1.197220554595742,0.6609934562222672,4.494694399983383,0.0562290965583407,1.948633146862113,32.47422349714984,0.4666575187222713,0.8025950187222797,0.6805247062222755
121,8555,20260502__4705__2__609,20260502,4705,2,609,372134.9115958341,382518.7449738062,3.5021524331300977,0.0014764428960651,124.1759444232542,11.419285026347358,341.8614057207939,14.256368904348683,67.71759487608476,149.07980913121762,2417.0060378692897,41.22460856313193,214.92570548095176,34.16265236881025,3.498890219171685,1172954.984941891,1972667.284183238,24.719417523682093,9.274402017673452,106.76473827443752,0.6070870149991158,5.4805848472391,0.6760158987777805,1.3210295294853474,36.4639185937902,180.0831506272343,159.22423315891209,62.03655139445177,1.3621520596144523,0.9394512978205284,0.4806192664815157,9.774033511174904,1.6469897736360868,0.7747356287191661,0.5649136838893282,0.0045808808814331,2.057364674686384,0.1869301176286625,0.0306432315324389,0.8224261762866246,0.2684557057719822,4.211002049698575,0.2515076366486435,0.0272867617628662,7.291877908030523,0.3022744552971173,0.0333748129391529,0.2319657653075432,1.8112052608507043,0.4217814555271346,0.0871258788521859,0.7576466468012671,0.8332352352573265,1.50795504452688,0.619301176286631,15.281812525076496,0.0108639264429836,2.877947935148371,5.422955305134235,0.3536761762866159,0.0213238237134441,0.3068011762865789
122,8647,20260504__134139__33__3067,20260504,134139,33,3067,400173.0648943356,413388.7319500256,1.7288443883957332,0.000563075545863,45.44185138480865,31.15648044509,584.6733487411079,463.4936535279586,4.673198045416477,182.3787518647882,61.28679518840586,10.238901752572826,8.739517742063011,8.190203954089293,2.9395493775351813,1491912.9969584427,1390468.411212224,24.801815077458617,2.3401309682744973,74.90802908800043,0.1377251492793132,4.876384287307896,0.3135030530307786,1.235745181044038,36.66786753810401,203.6136477966604,140.89776230408685,10.48317521879904,1.0181969641152804,0.3557312245224552,0.2591681941393537,2.455524109570125,1.849324893477807,0.3902393371867369,0.8014470041964903,0.0034301383619495,2.075203308273329,0.1235832359889908,0.0083703489912472,0.214362952610089,0.1145552715660464,3.427887856752206,0.4376437846968797,0.0288524642238991,164.76066263247282,0.1576138139800745,0.0350433747087888,0.0629747115383747,1.0191328689293928,0.3261431230698259,0.1771579384562483,1.2817487586541063,0.9784194655220202,1.644144573672898,1.1577073598899017,6.942989347395252,0.0311268071084855,2.0184057269798203,10.812451564656037,0.7163160776101035,0.6928785776100919,0.8334886098898987
123,8752,20260502__164111__41__271,20260502,164111,41,271,261476.8824478444,886301.643441265,3.803607916416665,0.0014447450748021,33.177423016292764,15.70471830358211,105.23029421663074,154.18761546902942,486.1271785408186,56.34805211022572,126.48270763164204,77.49001550965943,22.59432684835024,27.67851226354791,2.604396569850256,682507.3882106512,526998.1102094732,24.98609529782225,6.607262817386524,70.65849823612719,0.2398820483833816,5.230808962338311,0.1281995139510371,1.2961541862904786,36.64989784774265,3.901562516049741,120.67056629089146,35.84142915386163,1.2935626032215723,0.5546753141734754,0.447241109027248,1.97138198832666,1.1103040463625231,0.6907493098618848,0.8316640747038987,0.000938255453631,2.0396624999919752,0.157113797177381,0.0167229378339604,0.6700729657262097,0.4387765330642786,4.893660498026482,0.1226637102427039,0.020978073407262,116.84225191754548,0.2861143805945362,0.0343307635604885,0.2067523973016742,2.303204156842213,0.1788181161570606,0.6810363196993121,1.3122884729833533,0.8234677181452439,1.3226577534640884,1.1414504717737608,15.629090600731836,0.0899640698589279,7.964931139731896,8.288254180520177,0.0274948407261827,0.917817659273774,0.7312942217737977
124,8984,20260503__162157__40__2413,20260503,162157,40,2413,268046.2688075664,597414.416722894,5.204468234794646,0.0018616378115351,1.050969907280327,42.30795729411305,580.7311266435221,15.027577046402598,0.0286987398513401,174.3550309848071,3794.3929072188894,35.70002413813264,1.6017623458930872,22.290714528223383,3.303334754139644,1030952.0914235332,591805.9234872231,24.548917392611745,7.469928042175992,95.24348313984032,0.1382580016903841,5.145287064469288,0.5727193788516891,1.2431704583798824,35.36941322729048,78.56496955866234,158.93410720407218,20.035020534909368,1.1245006226620036,0.4774208722321995,0.5345783350522355,4.941555142012893,1.2990490083477495,0.0071442383805627,0.6462145807587185,0.0036841619797485,2.0356628277206688,0.1241683229050299,0.0692922364706579,0.5942542709496945,0.4678806875698204,2.020496615447634,0.1580208811088294,0.0259910510405029,101.68455717636766,0.152430097864933,0.0317132030195533,0.1965342961313165,7.231284248964699,0.3261489364891524,0.0638409201421745,0.7184346456704142,0.98174147918994,1.521592218134062,0.5698082290503002,16.360734777015015,0.1427514218924576,4.283944060696917,5.445204002104994,0.4272301040502962,0.994644895949699,0.5942542709496945
125,9027,20260502__68947__17__3411,20260502,68947,17,3411,250128.8423498133,641765.584014155,3.6522360206834494,0.0046232134752951,63.81364419483072,1.5521912246432747,72.69938342559736,114.68190083333717,52.6472551203965,174.40827619602015,511.82417763236026,11.728290748022784,2.7098778150355494,192.10137736302863,3.1359398795151643,945519.1254584992,1581068.1770851295,24.53930089332041,2.101130865755887,69.97230796741805,0.622708530822758,5.6648564188807295,0.1544947692454558,1.144773209130317,35.56560296937012,70.46941791093448,172.7026213806275,88.41425578232926,1.1459061029694178,0.4525291669585491,0.2516299258758517,2.602619786343302,1.922094906509493,0.4685543843171077,0.3347443640115404,0.000979586989129,2.0512796308304635,0.1498418539674217,0.1870175684039277,0.8072455228257884,0.0765348136954748,1.2328264256802146,0.3687889625980662,0.0258142635217419,63.47600760107987,0.338095311780147,0.0304900523135839,0.0649604905458766,4.414583012408592,0.494997776934216,0.3439863808541348,0.8977218569561057,0.8076915204348415,1.0786721766030003,1.232793539674201,37.540877830279925,0.0859305784238708,4.363088097235594,7.355597138008392,0.1361138521742212,0.8158013521742185,0.8304497896741789
126,9082,20260504__79115__20__1291,20260504,79115,20,1291,267484.58124784124,885366.9119676844,2.0483294492523134,0.0089982552471512,38.121617540319335,25.10435833570497,403.0547042474405,3.730578103969884,149.5250192084436,60.13293973481695,686.6361243501503,24.819098083321137,5.919966246805855,62.009514319296265,1.006418864870286,1881962.63931022,744501.8624578738,24.794067719357606,4.240314636332343,106.93915766968756,0.2472701081347403,5.593734895366925,0.0826834751870217,1.3347399024012585,35.22087618431441,115.50980452266694,136.40859325210528,3.204282235033804,1.3519118431414363,0.3476397793279079,0.99985193978085,2.1434778203094846,1.7213944326172053,0.0740173520869441,0.4450078334205495,0.0045755168449842,2.013139667886333,0.1792904443503152,0.005057817847849,0.5009122560031424,0.276015146398114,1.472986064173801,0.5649596504279041,0.0208307211899685,214.91356888318683,0.1345369944057026,0.0373039801285346,0.2481872363954973,2.339930701680051,0.9177627240187972,0.0576732098712162,1.0485427834044203,0.8423956737993683,1.4716288360285803,1.0039705564968693,6.556877914509124,0.1193944115995318,1.3982287871160313,90.73709288257729,0.4190096189968806,0.6200528810031383,0.711001806496854
127,9143,20260504__81990__21__70,20260504,81990,21,70,559818.0549731296,385276.8539714257,5.3397381816222165,0.0072108963959038,46.36301357280408,206.85023803825203,82.20495732210878,12.489129146182805,0.3789907825769906,52.4732653000305,1279.69823103375,32.148797378314846,167.79667437545572,230.5902913118477,1.7647570354018476,1314566.6277497662,500357.9924121056,24.394139457429823,3.1076554787555115,62.58893185427105,0.3265052142021172,5.576896380459345,0.2879718409364432,1.2875112031288427,36.75919047892332,61.80476578328882,145.61067902365636,1.868221472488885,1.06650708395009,0.6184280197626926,0.1965300766021077,9.777016929164509,1.7343679444042828,0.0559297164048578,0.8145965323924096,0.0007765072266104,2.0450322657041444,0.1271944648427893,0.0020268293301141,0.6991907421778834,0.2577956953067385,5.050025131605049,0.7192925893604887,0.024463170703221,55.77066252577939,0.0525808721323413,0.0331746244922926,0.1439643690418681,1.3727745088431555,0.7083007233165103,0.2602232111387542,1.0322657734508975,0.9986272109355818,1.3287142633296338,1.079617851572102,5.681826983225374,0.0228557636733168,4.206864314734792,11.977182107222012,0.9716516796778892,0.7021204296779398,0.6011022265721211
128,9253,20260504__229601__57__225,20260504,229601,57,225,282878.86608024366,743159.454527065,4.023291571189501,0.0016024148231786,12.421867090487362,25.22991694620802,184.9899348418581,52.0659056581787,14.684241269113466,83.62610191457908,109.06526005873302,158.48646009950428,267.5499741822929,1.4328851881174065,1.1025246225647,1518865.055153141,1486318.9090541543,24.45147636529846,2.6835242698110835,91.66292841150933,0.2700273722155964,5.34797058794276,0.336069562856875,1.0955987396151965,35.397601891287586,191.1451680039478,168.2180574915605,1.214804248023229,1.0287654410281188,0.817834607922222,0.6331357680673831,2.106217180295786,1.3455715858303052,0.0405149723743448,0.5142328564974464,0.0030237657548101,2.0657600840019725,0.1254621849038003,0.0074839366377572,0.8860031509620053,0.5409768905772149,1.0506013476475022,0.1102181585775713,0.0283274684903801,98.50898650970086,0.1126776510233559,0.0335585346605813,0.1946253961441851,3.402782055230825,0.4227344392941204,0.2935529774814135,0.3783455886532221,0.8509243698076138,1.873877940885984,1.386003150961976,4.134047104336603,0.0461817226442948,1.0728012487237266,74.11436082483843,0.832746849038007,0.2922531509619459,0.3078781509619653
129,9258,20260504__100650__25__2346,20260504,100650,25,2346,324104.9392973989,617775.5109020753,3.4604567815229683,0.0008321163892744,403.5033623800999,5.923346031239585,156.63495998460863,101.49976614409636,0.0327149339926844,309.1855389660281,478.3192405417616,21.20885247389192,353.2561552271651,2.37835465509105,2.0907265254935123,1156282.4465783103,566502.6412900322,24.94183446638184,2.798062472976032,87.20568189472777,0.5231528250984165,4.7407281582931295,0.3999359690765032,1.1864300199665836,35.2620647607263,48.4948237927105,169.11640744163506,2.97280022259915,1.2998206611290193,0.7205228174487331,0.1373816905660508,6.803824066474962,1.333623835239874,0.012655028614926,0.7502640896108822,0.0004895549370823,2.078644872833856,0.1563243018666463,0.0092108976337896,0.9714249500835436,0.1132387799498779,2.5553380500170944,0.4508824498611913,0.0204076088758353,140.71825284443622,0.1533143814695252,0.0345679986696689,0.3966259473433053,1.1211977938734683,0.475009455378822,0.2225026959382966,0.2512058676169628,0.9961446974832924,1.3051799884124635,1.0539444813335446,37.969462232413896,0.0132918675125312,7.905306818870184,16.554749182525665,0.3181046375835429,0.8420516124164547,0.1472273936664598
130,9309,20260504__225003__55__3819,20260504,225003,55,3819,381604.0165106111,738017.4014605257,5.382438186536122,0.0005654390566986,8.246859173884113,47.61368635122086,144.66844673114034,79.3058989932096,234.88755958257835,51.32182880377145,123.21534068228485,70.97289073697866,15.678731220373606,49.1003031894281,3.0844119752696093,547766.3838460476,620596.1872830163,24.79930527847538,3.8872225549406494,93.99904624325688,0.4562695676428568,4.88010546057936,0.0632966159396629,1.3341390272773033,36.09232882763395,100.1211592930334,154.0449625030246,2.7556647851912097,1.0007785476704671,0.9082637116380198,0.4907002940084043,2.4838260741319087,1.6285200858235682,0.0077944395296415,0.2776162430957236,0.0049482222159662,2.081404264103485,0.1317972744306772,0.0393626340524957,0.3744100681932438,0.0916382284159514,5.640427966427697,0.7000244244649151,0.0224082430680675,13.438138552953411,0.164631853409724,0.0325286670001259,0.3693681413076384,8.228345625558902,0.1733267858043552,0.1486635692162324,0.7401897204705261,0.8614054511386483,1.7848796677104686,1.4234414943067657,79.85874263704852,0.0129791147710101,2.255510328815008,34.29086272010311,0.384175693193218,0.7017618068067744,0.9234414943067656
131,9346,20260504__111215__28__623,20260504,111215,28,623,914154.98845216,503874.2688568214,4.033211821029171,0.0015273074810093,63.00576347899631,3.1505700345333496,167.55167846230617,1.1066754814238304,0.3509604819173729,70.1045021422912,71.33844065562744,20.08174988754534,1.295883153569456,18.900438151354592,1.3152161739743269,1207537.033508109,834430.7967556318,24.833269313742075,3.855641570995095,127.05631047306213,0.3932610583957519,5.597214300491284,0.6548644413055568,1.2846490129556218,36.74123888890252,116.28975811648134,161.7368188494836,1.2171789689292047,1.1915689767223592,0.6820803390282801,0.1668647952479428,3.0829485880177616,1.0604050792544422,0.0094981939758073,0.2886942563612679,0.0008139720369453,2.028290667816759,0.1000291530110951,0.0214829498614181,0.1633774676109477,0.3558389805665727,1.8316021371211308,0.5703624227441896,0.0248954934261093,174.82307786402808,0.2798811153499917,0.0400944494187797,0.3393169123123678,5.609259712616824,0.9565606254304476,0.2817374051171954,1.2013496703446882,0.8856838814778113,1.703255403702066,0.7653334698890639,19.68445632131259,0.0153371298583553,2.646965547252968,6.066523091080861,0.2057631573889858,0.2239243426109848,0.0426772198890297
132,9428,20260502__100092__25__1788,20260502,100092,25,1788,474071.1882354778,513260.0508861612,3.353514988335487,0.0015875887078918,222.55029124086147,3.2838526414274134,548.5936540526694,1.127916490183574,137.3338991411627,70.1624409515224,1208.5186997312624,20.341373303751272,25.32339280582053,19.7646987647575,1.6407324610252008,1225434.0198185253,665615.9358113639,24.844914757624583,1.4122697977134266,128.4536486312667,0.1283083625472994,5.576765039566755,0.1203211407198067,1.274935188343573,35.96706510375392,97.4425533029056,143.0573380807291,17.87628143214194,1.1761020887043898,0.7961139411650787,0.1541083789284846,9.102200633770838,1.0217274704302537,0.4198064132017546,0.3057370125673194,0.0035392289167946,2.0330386594639527,0.1541341877108933,0.028034926681264,0.3748379708589317,0.3868159674846388,1.4713867960774716,0.647436508599104,0.0204183015835893,242.7895333597236,0.0694803635368299,0.0394137450231983,0.1125541302201952,4.8316713878451925,0.3209510199301614,0.2276647321584847,0.8738596532974796,0.8712566566717885,1.796340759823009,0.6897793771089312,70.37155684744371,0.0034913206288407,10.100787244970304,7.882346117022031,0.7097989083589356,0.3097323416410653,0.5432950021089428
133,9495,20260503__71141__18__1509,20260503,71141,18,1509,653533.4962566507,760533.1756376872,4.312344852255716,0.0065597259397983,10.240485068875804,4.428318381545142,82.90551451589486,4.723044687301656,10.97247785993975,269.89761562261594,3007.570917652956,101.193789732336,11.825923786926486,6.570394462491416,1.0975822817667888,641263.5617807369,1075556.3316214876,24.86236708138164,5.019548111393261,127.28302455497484,0.5389099829640844,5.212962412354214,0.1529558381084313,1.000077132593549,35.194344259958655,102.2325572254148,147.54910864196705,84.97708652336733,1.4602091184974992,0.6116427178144097,0.2776848630660297,1.176265424660222,1.0396081922179032,0.0172087620904999,0.5149781358684286,0.0044716920925805,2.1056063776372937,0.1623239706483903,0.034138680757338,0.1408178314839083,0.0188656988903368,1.883738694020268,0.2824743666199175,0.028240259185161,189.30142431638063,0.3117953488506879,0.036425949271323,0.0951101763255465,1.2617944711237477,0.2171731639321242,0.1465174835481804,1.0551987859225382,0.9726176837032188,1.7702403594088407,1.1544897064839106,9.29448984289786,0.0258101747225845,1.6996038897629124,13.406769543359529,0.6834009185160974,0.7927759185160931,0.8341772064839075
134,9591,20260502__151141__37__3685,20260502,151141,37,3685,601119.216893097,349768.6878937036,5.046964190464624,0.0053339292184122,36.12072813649412,354.9113075572208,76.82880921340326,22.084179263646817,0.4738074118799916,59.84749552954132,1373.9962656116163,22.38957667423947,160.51841131469175,113.75968231894322,1.764576532151309,1554683.2786362588,505410.29376065335,24.500662435603736,3.0166956906549847,51.72445914158372,0.5144655058922388,5.172626167901623,0.4700430612124326,1.3445508593475994,35.583975238403234,152.3646070457769,115.82945916947943,3.958751156575567,1.2543485833643744,0.3804491897373095,0.8544558910484272,3.4758789896064584,1.6607078576869987,0.7637646789171985,0.3431552193693548,0.0030954580081551,2.081565116022885,0.1191455273368982,0.0060065770398335,0.6113771483689608,0.1324512890213804,6.0240375115319615,0.4371938291245349,0.0254877910163101,195.7940246734224,0.0702517074911748,0.0357143044929412,0.1125273754444488,1.2554810996067158,0.545720555067469,0.1215266159164339,1.2167282422833865,0.9480566796738032,1.4640421440119398,1.3397947266309695,4.36628744967887,0.0629809277446433,2.8038995504336044,5.000779055215529,0.8105958983689939,0.4199708983690005,0.769482226630992
135,9695,20260502__37763__10__899,20260502,37763,10,899,460983.7186761337,912036.0162815236,1.5246164122495798,0.0026102479911629,23.936894194368392,1.1762633111883236,500.1060248324144,14.358577761875209,11.212126070967225,329.0917390450998,2839.647035301102,12.517495388551048,53.132117774698685,5.812864549363492,1.3198098990251237,1389565.8196461657,702348.5996719826,24.84112252158809,5.416298148728494,78.38780492734779,0.5294523627812373,4.837629338215263,0.1620726710262081,1.221489334475624,35.1095337884165,210.34112147791944,142.72750569479476,11.916455008637785,1.4819602637109632,0.3652124171312029,0.3768421529490125,2.344928398245796,1.1243770141733491,0.2969569172328132,0.3961413752247563,0.0036083364440547,2.08333139238604,0.1267565726310947,0.1327005288792281,0.1865358361890334,0.1833909982865673,3.279202595732038,0.1407504845673533,0.0290526103881096,29.51231420751252,0.1644585772082903,0.0403768167394206,0.0613787222300982,3.058855926026401,0.3205222627111729,0.0501815201115943,1.2756032956646886,0.8837915422378096,1.64461488920056,1.373059273689065,6.872159404675494,0.1009258745716431,2.05782574006646,10.020147179497483,0.7275514611890591,0.2353639611890436,0.8183469763109601
136,9853,20260504__29534__8__862,20260504,29534,8,862,437492.1795314336,345344.5513360702,3.0367715573282865,0.0005601572017696,115.05586444848744,1.4762665056797697,419.5017585242721,156.25799949829818,0.1641354739233974,490.3714712186716,221.88098165508245,131.09824152259188,20.21796203606545,84.80329123086695,2.366703630734003,1098133.6720529655,1506821.8102835792,24.51905997224748,8.897974849039127,71.90922944121151,0.6001054365134937,4.864076693512087,0.492132601166295,1.0081455141277245,36.097111837131656,35.4753256126926,139.791695116096,4.25224418228892,1.1602375971338073,0.5530087399939841,0.1497741956516682,4.057461525111121,1.0290051621346266,0.184366155527704,0.2946382488805045,0.0045109986140964,2.028140983118845,0.195082762093068,0.0195015465736992,0.8038549646806865,0.3356557711915901,3.379456026035895,0.5086264507178087,0.0250990965218069,120.75687464335864,0.1302993563973551,0.0409962132052377,0.0960823310409956,7.018725354557966,0.1421327274141298,0.4014712908724346,0.109173361947035,0.9117475554361372,1.245879881084433,0.9117651209306924,12.188415329148755,0.0397188697021048,3.9330061418891566,7.270867467166716,0.6658715978192848,0.0291528478192882,0.8128442540693146
137,9885,20260504__6869__2__2773,20260504,6869,2,2773,283677.19938831695,330704.68671411887,3.855370735069383,0.0005499818782544,160.7016176164205,1.5812422984782832,342.48885898245913,1.46882331428992,46.88124401385413,56.37266365479282,1695.5774067455973,8.084048416057936,110.83530362414623,1.2243290958911346,2.8759916934197665,516057.3663052828,1526943.4640485146,24.18081992294503,6.859331402139561,50.26190558469932,0.507199616139151,4.74636529429382,0.6093066488752059,1.0065043293036,36.50300676540102,5.517607030907946,164.21299242099866,1.1791909746902192,1.4293667854097178,0.3501068233974703,0.7476230768428251,1.1358561223660693,1.9002338414009088,0.0015677140291703,0.8623992906353992,0.0003742728662949,2.0957158347654525,0.1084620198258988,0.3088433284708543,0.0943858232589884,0.5535064939553924,1.2129722930186575,0.855611175141942,0.0211391707325898,198.71704079602432,0.0692988794709739,0.0404698846808488,0.0807706510784598,9.001772033492124,0.1660517258291432,0.9149548301464796,0.214171402562581,0.9962209146517972,1.1853510779059937,1.4908701982589851,6.706589844458741,0.1499046265111473,1.6177527531522573,116.0980833902846,0.1920420732590031,0.97983292674098,0.2018076982590028
138,9892,20260504__89691__22__3675,20260504,89691,22,3675,361865.0162551258,281186.9324067128,4.020430353236899,0.002053281775792,140.88135698548828,362.10976249712303,100.6005639383206,35.86230548273593,0.3355603415348213,59.16324437935247,1740.230937543705,30.201967016165305,72.80991428476344,329.2594261281458,1.326413163805028,1093221.569354486,747631.1292779455,24.22093147872139,6.55901544568553,85.36196682617728,0.3997685538049992,5.372440650327671,0.8468135979003965,1.0804046659500672,35.98358201347781,64.00662079646553,113.1509349790029,40.70946737064702,1.2252827494320455,0.7128844291968892,0.904096728261972,1.5462970055955738,1.551131667757777,0.008727911177789,0.2634957239257053,0.0040828323006242,2.049290419773232,0.1680503852375166,0.4188676450162149,0.1775741648751432,0.3174819989250984,1.827844308685696,0.1062201663863535,0.0282828521012483,14.555513634826667,0.2920675852402891,0.0407761763738731,0.0864693121692859,3.2622650800730613,0.2492726806233389,0.0470679276381922,1.1760055441747432,0.8976882920249664,1.6663255608609957,1.4913711476248197,6.347408012871835,0.0758548747312681,2.510507145857578,5.044201978472044,0.8517227101248379,0.5001602101248532,0.6453476023751747
139,9953,20260504__113421__28__2829,20260504,113421,28,2829,304346.39563190425,769751.039033595,3.304099547792166,0.0014926967135562,484.2571378897295,2.417398895452333,163.09101394769652,45.017234936219374,0.0300885682460285,409.0387115582567,480.6652940956669,31.07065901708653,375.72211107934754,1.2540308141166117,2.0371011654273903,1015413.5627630628,544296.1795260526,24.988083766867074,3.024202397954081,93.2246016363135,0.5743167932195985,4.803835394241292,0.3374826452862742,1.163788487044371,35.289774045152534,187.4250856335169,129.7908959942655,5.759021305718619,1.3187310860973678,0.7906890296044606,0.1467914151674245,5.482343996280737,1.31375898324554,0.0062097014714042,0.7397123076224787,0.0010512623380546,2.078744488433241,0.1684861842610931,0.0087964806889682,0.8405287823890675,0.1238077305665508,1.97059156560304,0.479684397539652,0.0210868996761091,114.84443134244188,0.2330803889246926,0.0340680822312798,0.4426518399518488,1.2705571010817762,0.3276106458074269,0.271351283726178,0.0099784546552891,0.9891995064778188,1.495729947860427,0.9713881573890928,70.19321050547619,0.0004831826416363,4.489497652970765,22.8284886354688,0.0944350323890751,0.9524399676109104,0.3801743426109258
140,10095,20260503__91621__23__1509,20260503,91621,23,1509,713851.7091117491,830726.9793742027,3.974543390073981,0.0051131972155773,6.64032901606825,2.9466033815768284,95.99862941620653,7.016116955725081,20.91089541680367,312.52204794538426,2211.471074295744,81.48701243133107,8.074798554564545,4.422997343883253,1.1944320108161928,700449.314672154,1174825.3608602246,24.77224647049797,8.178257338234268,113.42413175920792,0.2281136935236599,5.043366930918059,0.5028146028388178,1.025395512890588,35.30769753236311,115.73305933201254,151.59098066416402,87.76774404870015,1.4285593564834471,0.5702775663188504,0.2398118242496309,1.0158362763275977,1.104499756588767,0.0267174171715599,0.5625083099038195,0.0047901001611323,2.098856126583995,0.1559558092773537,0.024018287832307,0.0771362177735506,0.0193432693358778,2.1197753577599974,0.3270850220165253,0.0288770753222645,270.7157510385661,0.2635617300005148,0.035725451520509,0.0831849780755919,1.0909047630163715,0.2481775367015015,0.1785069178703389,1.144353045117039,0.9853540064452904,1.7082781492686627,1.0908080927735528,7.680223660009046,0.0162579326660309,2.010643152613918,16.41414339926945,0.7470825322264552,0.8564575322264507,0.7704955927735497
141,10163,20260503__55054__14__1806,20260503,55054,14,1806,351590.31943254406,662719.486775938,2.011061921571289,0.0066968489545229,4.223963930143407,111.8535773829844,93.94319920769895,108.73902401173676,0.1208400228932861,295.50477476412334,86.83327853902448,102.34825555819889,2.361844829522288,5.246224118395781,2.915273741792962,595721.2968323049,1564528.6296710302,24.26068984768988,7.216006527200377,57.38165316652099,0.540378217442615,4.813583485450096,0.6858734426745771,1.0231981381939168,36.58637766003707,8.671966367775672,167.6506418673927,1.1159155154717948,1.4599253367315588,0.3354719281843721,0.8759774688662162,1.0241510851904712,1.977814852325996,0.0012088199526173,0.968178690781234,0.000222718585076,2.1053388215036124,0.1061633560765208,0.4709196517329443,0.0787234045152101,0.583234707290875,1.1943673205634957,0.9015047134379736,0.021129030920152,194.1228658234916,0.070462581873937,0.0401286714565827,0.083120963858206,7.886589497515432,0.1735073100131027,0.7035353394064068,0.2537674538212809,0.9739037565969584,1.2199967983745417,1.3524289392348,7.627051812697895,0.1253008643227197,1.8471894623705103,67.34832827472938,0.2496218420152064,0.8011594079847956,0.2667116857652079
142,10231,20260504__122984__31__104,20260504,122984,31,104,477154.19895249046,273164.13319963624,3.282083831775122,0.0009058201244601,171.51490989725846,9.623914925283904,478.0502843671612,22.219189940440103,312.724046148228,220.2764740131149,1984.7343369554028,102.46434562054635,53.3060677006911,331.8473211968372,1.99099199776155,1792392.4927411391,839242.7223731774,24.814016723509983,2.0747984957172263,100.5247036124606,0.1178746039919864,5.216167006749725,0.0601112115934703,1.1363460678060038,35.36756663888822,41.51927531218631,132.3108248002562,1.263723943440637,1.2467789755947714,0.3693404265478168,0.655918188883053,4.380833076251596,1.243758001639197,0.2289437068290647,0.4258640856453785,0.0046579788399248,2.056100713906408,0.192338470076502,0.0827737670137984,0.77836516951504,0.4915746482909843,3.235174824299413,0.9211081219185944,0.0248832610701508,148.90382582650952,0.1237209641152744,0.0382021535834155,0.0925748131031107,3.945528004496314,0.137525617293648,0.1848519608220689,0.128452825178876,0.8621183464030222,1.2573787174055493,0.6655722007650586,12.55398597453272,0.0030829004272617,4.0159880477139245,7.4260961180668925,0.6718301429849032,0.269486392984881,0.8168496742348831
143,10247,20260504__90175__23__63,20260504,90175,23,63,994467.195041408,710851.7833122249,2.914861216391228,0.0078469537333271,1.2542191159749574,5.825634763916993,169.90406943111694,3.684846680559754,265.2631733336214,247.8486726464345,649.3658376181567,113.63136776442718,1.7342453208638535,7.973934428372141,1.6861743833214038,616658.0286085095,1690699.9968545446,24.698396959729248,4.759650336881065,120.31492368055628,0.1344785122611788,5.124820551313651,0.1887637636464453,1.1339460122189096,35.16496600437416,173.88591772602666,146.68750653571223,24.482946801416343,1.4654998141929985,0.4190749750341812,0.2826622306826386,1.8891710447760504,1.0347313723776923,0.1926941495689852,0.5136546769241163,0.0037651279722635,2.105492588011986,0.126767403195272,0.0333923790822733,0.2176775305473016,0.0147059816716154,3.681280695718676,0.2889625712184688,0.0281161934445269,203.40527924681507,0.1182809097923791,0.0362530081014797,0.085246227196464,1.2091426637365337,0.4746816279709124,0.1566588287172657,1.2182983322337484,0.9775198811094656,1.401470270589969,1.1270490319526862,5.405060199656019,0.0212546204179051,4.692988329990634,14.903396189466374,0.928806844452736,0.82900565554727,0.4434552819526782
144,10259,20260502__225152__55__3968,20260502,225152,55,3968,294743.20664045744,426400.7950229349,1.5950489067439826,0.0023806274092641,1.1680570474241834,29.065015214859724,74.43691413815668,40.99695542900376,0.105734807239514,232.97758862147083,124.54730076435416,86.47781656685824,6.25652262149035,153.46846891779393,1.6493726598033245,1695244.0378408437,929986.7283742424,24.95978423124172,3.746568326942843,128.2933012875283,0.3189709663526931,5.628714147524835,0.3611654638155108,1.334420155877486,36.30090257197018,162.232916990069,160.8804032505163,24.48486164869425,1.4336055149159814,0.6611057798880439,0.8774987072094853,3.5714721237418714,2.004685835379143,0.0279344066057795,0.8890299360164707,0.0020562285109685,2.089501224120031,0.1340444920943687,0.1432047501264942,0.2696441396936936,0.4216497650662207,1.4457260919204664,0.4284980276111729,0.0212804257719374,23.38806045657848,0.0581535767774712,0.0353938199116313,0.0627650484843219,2.608466494979184,0.1467846034119768,0.1327085369682841,0.2172247669287248,0.8555889841887406,1.2468603731717076,0.5052582040562706,7.43979091537485,0.0445143165459437,1.4330684855651437,16.079940569836815,0.0655425771937222,0.438363672806279,0.0052582040562706
145,10262,20260504__117087__29__2399,20260504,117087,29,2399,611875.5242890079,254490.7449586911,2.666311375791611,0.0145181577565211,22.27055877916008,3.0949304600453766,261.0212648778602,92.60601662715364,0.2979718289615421,116.15387593332206,2178.9880888758694,43.81029737441381,1.5890149317481843,31.573538225435016,3.68667319441814,811978.3809247342,584111.1801510467,24.788325060155472,6.558841954524197,62.83758402973337,0.181071796284184,5.655734615454654,0.3050376827544293,1.0116598557978185,35.87409338955029,185.73824517715624,136.2898919125312,2.7365634930725924,1.0974824880162908,0.7037671130298149,0.4860385012523925,1.6778634379308186,1.415808951394944,0.4072957289898065,0.4980750661529193,0.0001765174275272,2.063335955536422,0.1940576923005448,0.0109403349561921,0.1541496394945528,0.4721772836967296,4.024568379691357,0.1313140808154402,0.0234360276449455,241.0421633911788,0.2201488947730168,0.03078256009694,0.1872195116798398,6.727389175844445,0.2683233079109489,0.1009667865081678,1.011512620292378,0.9289356971010896,1.204829783584297,0.9500480769945524,61.45399060967721,0.068283804075817,1.0178085829926806,38.16073689064015,0.8985847355054517,0.265772235505446,0.1961418269945488
146,10332,20260504__223439__55__2255,20260504,223439,55,2255,472110.1772943955,403930.6458842798,3.913449976564952,0.0004980677681306,691.80645866243,4.467402477963743,281.4727256079128,25.96177130255139,0.950007551039687,325.86408587010874,62.13162949217786,147.38142932042064,3.29134268890983,43.17034301988447,1.913927841145669,774658.6490471519,1472043.6875980638,24.191395122225387,8.68866476417386,71.16287827450627,0.3531906439256472,5.28321485192063,0.1430855717446873,1.3377359727227052,35.10846164013396,183.5116532069664,124.5413296905254,14.163281480444883,1.258014875795462,0.4558341756097631,0.6444417700133422,1.010406617282329,1.917892023551408,0.0076490188805595,0.5829630651211195,0.0029228715340338,2.033994107853484,0.1874613369306764,0.0023689233016713,0.8353475681932366,0.1556273965840595,2.7480225029748166,0.3543382670126279,0.0225526944319323,111.67749663788324,0.054805032523484,0.0395755420001255,0.1208058857816095,3.7678277429446494,0.4461438398007754,0.1107526695289587,1.2668415295294768,0.8000773261386479,1.8103371291645096,1.3402303806932303,9.525910425710835,0.0772552602289847,4.617433757241348,10.221438518859264,0.8697305568067748,0.0650430568067669,0.8402303806932303
147,10368,20260503__211833__52__2937,20260503,211833,52,2937,431112.7788271475,900399.5443972369,5.250118270296022,0.0022967701899286,10.749341196384838,3.206179164530618,114.2716810507117,154.5131772827283,198.3398611550421,181.5625979586773,372.9679061607058,8.84703286092794,2.711807781645268,76.42277920815584,2.875436730969479,1271626.747877017,1110618.065305046,24.206878048761403,1.4512281564975595,96.80650068988383,0.3829682532536134,5.510886506368881,0.3938501880141118,1.063085053619953,35.106900363608794,99.89304658142798,146.10490099185483,63.06672341051485,1.398715210372787,0.4485996449497583,0.1490519403577687,2.2798819799231267,1.4642244196531724,0.9129686144592633,0.8894899856679821,0.0019213756702493,2.030381601709286,0.1244631115950128,0.0132377618854017,0.8735373659501242,0.5827161695700741,2.515218487463136,0.2511308890011687,0.0213134986595011,3.619848842879814,0.3718098176290162,0.0394370360254514,0.2205035746878072,3.2308339523831378,0.1277465753882415,0.0644272085630899,1.0356414376697776,0.9293949731900276,1.7515260758194835,1.2241188840498471,26.128030201125863,0.0142818951074803,1.0064696811400649,27.263394805619733,0.6313498659501445,0.8374001340498403,0.7397438840498411
148,10444,20260504__201324__50__620,20260504,201324,50,620,352013.70016430283,316929.53471799765,1.7240252478570557,0.0013413818821967,1.2223505827985,17.50567161564988,88.27755369199129,38.08025043155475,0.4428773456168571,264.7411111938127,341.3712235408494,131.34944030735792,32.73776018373731,499.321295905548,2.602941718260652,1650834.7030360545,1644027.0266377665,24.77043382081962,9.934986652434086,96.86702599990896,0.5489253351705066,5.178106113362311,0.4411644535533376,1.1235453842805363,36.047794538173406,36.18413179368512,138.59101502258892,1.1614286806007328,1.1552038704373258,0.3740380833206533,0.149313073676227,1.7533592719832705,1.0365966125484054,0.014001144059778,0.2880794596302636,0.0026011905089931,2.025488012228158,0.1658421695548653,0.0161799696259885,0.7966052892986677,0.3100920798291937,5.6569913309930095,0.4518598218899,0.0292702752320133,86.1161155044045,0.400946242360808,0.0402450800572853,0.2397724352944978,8.383680569448687,0.1521029732722069,0.2205006006400524,1.1091666574818797,0.8748586296402706,1.663418190231142,0.736109554451338,18.76093524956418,0.0146888941052039,2.709600729278536,5.682429313553638,0.2395275232012837,0.1784412267987061,0.1013439294513051
149,10483,20260502__180416__45__192,20260502,180416,45,192,501303.771938886,350729.45600898407,1.6694824592838684,0.0102715277094875,94.72119035723574,42.16019711883721,333.9504948759211,1.003504384930887,0.1011717743637011,192.7445611872968,311.9015720188353,117.2060676917979,374.898747173746,4.529925845827625,1.7093384075149622,803694.7528595404,643240.6584624293,24.940081472289418,6.220853595801298,88.97974184694777,0.3576506236366904,4.836733291453175,0.0601938355663714,1.2736626636033386,35.93185158740989,154.8435539152258,166.554223337115,1.9493499307907225,1.1518779490665887,0.5405173133407007,0.1904845621640954,9.419903764712796,1.881749873810754,0.0146484523175838,0.5353237469043427,0.0009842598575418,2.0038379886673856,0.1782301190258358,0.0619049489736396,0.6322495909916199,0.4757364733449827,1.0906322308803675,0.1612296471339922,0.0253864884650835,194.69487346212023,0.1355849070319005,0.0396349212821582,0.4629986076168808,1.942066950859988,0.3165529829983788,0.1123337125300571,0.1880927601117618,0.9760891443016738,1.7273665581214108,1.0341050597416446,32.059005697298595,0.007701623851262,1.3343575612459728,37.83374940793315,0.4761488465083458,0.7777574034916139,0.9384019347415956
150,10519,20260502__56443__14__3195,20260502,56443,14,3195,773960.7969968425,399760.3793424187,3.665459703719187,0.0101217024413121,4.178822619555876,80.9092095241998,113.56160228770148,3.454590536984155,45.99907975342121,97.00462765300614,1483.1992121609776,97.73605560168755,4.7769690547513335,33.634805034050494,2.662844679054785,684251.2272660721,707365.1154517564,24.762291069882995,2.1109826204217343,113.99365371161312,0.4161527134595599,5.045551187818867,0.5304399861876586,1.0702071044616868,35.5358596351455,140.51835911469382,121.8219189410828,50.089388259243954,1.3347616241686426,0.4961245944041174,0.6904475236948551,1.3327126227707846,1.3585106826338615,0.0685683337460629,0.3016520720324189,0.0045032705692289,2.066015038932346,0.1413349426345789,0.2722609828967012,0.0739552611542094,0.2415643433074772,2.830496155596361,0.1215339039455146,0.0295143536384579,24.858457895296336,0.1701857467891121,0.0403476249398037,0.0640475531087565,2.8182030046700284,0.3585000047876318,0.0499908390106492,1.3968967406158814,0.9042441772308398,1.5280093043344607,1.4914744263458022,4.344880508914339,0.0756254608268704,3.3641250730381214,5.27530212953225,0.9470021361541996,0.470439636154195,0.5656931763458013
151,10716,20260502__35873__9__3105,20260502,35873,9,3105,740295.5517420569,880364.7373365173,2.6738935059951343,0.0014335542762205,8.48450757772041,16.616655451346407,499.1023536765892,139.88936741780316,0.2468525389721582,71.34825763756251,46.10384815863331,55.96696203704924,82.35061255607309,48.0727799040015,1.93768974535897,609172.7298662473,724432.5446225718,24.923711904940404,9.347714918633944,76.13015133784053,0.1486223235162272,5.17054989980915,0.2711370651371596,1.31801534701667,36.19266829422418,6.235633918837361,116.06688356212916,29.6772233306928,1.428022181331786,0.5758972733669057,0.2361366335795874,1.85123534046564,1.399918403475027,0.7956830426765557,0.8031975284764892,0.0010064418377084,2.0080865669594186,0.1564336632458325,0.089953462739835,0.6700383675416673,0.3270230205250007,1.193865677402256,0.1661830144267735,0.0286121163245831,254.6786506516526,0.1338637545593367,0.0327297970429586,0.1392831394825129,3.2625910128524387,0.7180028429574209,0.4156640510223433,0.10680371455837,0.8097423264916613,1.697724543381958,1.3143366324583323,20.472517748180305,0.0630057551312516,1.7898660223535705,14.99521024988251,0.986211632458302,0.8887883675416985,0.248163367541672
152,10784,20260503__62783__16__1343,20260503,62783,16,1343,519493.895331593,343991.85227177833,3.5259594150271907,0.0005700903769013,241.95666377877168,1.3687818309986208,530.5006414574699,3.2311376292685967,208.9016636608905,106.49779227033548,1680.434507300908,34.38894944171935,44.77743060407747,43.65925181218599,1.9292384749375888,1351053.6369914855,1408961.1440742635,24.464835214098827,7.941809721024305,67.26386966242984,0.6794561020505854,4.814407749026322,0.6076998911121544,1.0254888651933385,36.23548079988964,43.11456730246947,145.19042736232174,4.853310488003559,1.2061523506222744,0.5661674139644628,0.1884278203895054,4.190983133042318,1.1380710221699633,0.1931492612674188,0.2514430706760007,0.0045080639399167,2.0152428305262355,0.1958738774516649,0.009565838290778,0.8190903370166389,0.2538582977900136,3.523783457024728,0.3653806974747848,0.0253979346201663,51.71092643258177,0.1437432418403641,0.039262467230317,0.1055188333537077,9.425274710067454,0.158448595748581,0.6864069642337796,0.0263204031767115,0.947802442403328,1.1811706098953068,1.0993637745166476,9.769972515752272,0.0689573005524956,3.174771735604818,13.82706285774059,0.5773940379833689,0.1804184620166541,0.7170424754833786
153,10785,20260503__12012__3__3820,20260503,12012,3,3820,369860.9450283924,603272.87704772,3.8603936041592144,0.0020535002432513,91.46354324320578,280.5410700542479,65.30700251383149,3.069736376028092,35.032891390612555,165.6444702320929,602.7747018218979,99.06886682304128,2.297842095419864,1.6280550399058848,3.04897103524207,1184694.7976466313,945760.675775168,24.731958710278285,2.1276985995436464,51.891953400671966,0.6382350913162309,5.449822330409379,0.1460084638109888,1.230003162332905,35.61047030261857,26.643245838564663,170.69988752535983,44.9488477634654,1.1270689682611317,0.5601542503311492,0.2786195749950499,1.6893765797982296,1.8705365716680635,0.6098600552231337,0.3093350839004254,0.0018545317166612,2.057988615106782,0.1329777250417738,0.1273180440163349,0.9695391558322412,0.0309422434993438,1.646083529089953,0.4457724126104863,0.0243182803166776,38.57056256945591,0.4934268193034142,0.0305552841295952,0.0866421824330998,5.565498367379144,0.376517780712959,0.2462959988073697,1.0716126306651146,0.8305062313335553,1.0900056415935198,1.3532147504177612,26.879641273239493,0.0669152483748381,5.75872346102203,11.229149321770558,0.0372967816677859,0.9552655316677872,0.7379803754177707
154,10806,20260503__7847__2__3751,20260503,7847,2,3751,298458.2752571531,373665.6651375769,2.922287090145228,0.0004002020791632,82.41818402529951,2.268645826836716,358.6307670459048,4.908007694461834,189.95083529184893,121.02864582222664,4276.840721902874,39.91713741276856,153.1044720178461,53.30161924196212,2.573220436238149,1449358.4734550868,1123274.5050134645,24.91337864335144,3.298241751826356,128.19571539556046,0.1907251477557816,5.57153363119349,0.0910462658718448,1.2882296071197934,35.12840300168303,125.6405980234874,113.54119248089314,8.500202765804133,1.0913102600286655,0.4822562124738628,0.2049521812245378,1.6175408890331389,1.4479342946123377,0.0017489473707268,0.5490554795286001,0.0002350205360025,2.073716810363256,0.117493379470051,0.188549317720638,0.3028634822005066,0.5707805893203082,2.2224171629801046,0.8332385035907053,0.0255872285720053,85.94808925256659,0.3061693672008358,0.037314009508294,0.3385048406902591,3.411412220349028,0.8865033721975882,0.1599987967286976,1.301381749919168,0.8562241785598943,1.806984730256325,0.6531912052994748,30.099731498613988,0.0037892276699108,4.222032095680527,6.929051134550094,0.4178396427994197,0.2305978572005871,0.2899099552994232
155,10808,20260503__211993__52__3097,20260503,211993,52,3097,386861.00825544447,339712.7407564086,2.453943035942964,0.0025954361863074,510.0130959356195,193.081619241227,98.95519896029636,2.154882752518058,2.6335120569059525,188.2137676166616,2085.0404002608093,82.4438878422186,2.0477990657683782,1.1744982002715587,2.1589398417733343,1271626.7478770197,1358850.9630256237,24.690778201238604,1.3616556397318635,55.747968060116925,0.3793015485325986,5.4955740063688765,0.3237507780880879,1.2119149463800472,35.134712863608776,35.91945341857275,159.18291150814608,54.61353246472473,1.2613629146272134,0.5355634614295013,0.14905194035777,1.849641811032684,1.889134955346836,0.7923538129129841,0.4526443124426623,0.0016723743297506,2.028725351709288,0.1364743884049881,0.4241716980452611,0.9360373659501476,0.1983411695700817,1.551169904678071,0.2336953839182927,0.0246240013404986,187.95592983071413,0.4569430812669561,0.0325620360254514,0.0817474402648118,2.9026377181109937,0.3977494280961431,0.5985119427969162,0.9262664376698144,0.9481449731900276,1.1586042008194732,0.5415061159501486,21.66667628220668,0.0986568951074815,6.99018183165864,38.59584354652311,0.037599865950122,0.056150134049856,0.6616188840498675
156,10870,20260502__179620__44__3492,20260502,179620,44,3492,927062.8895615918,651889.0666620089,5.178764376633639,0.0054866928309198,836.9047748135072,62.89062306117404,584.606612859382,48.755106711048285,357.0209611339836,200.6451060707381,3829.584975852168,50.585172824347154,251.8643270901325,32.36752491096926,3.307440756169995,1053420.3219648108,1690791.0537836442,24.59792139185856,7.469302646601789,89.52859126857888,0.5173330197560162,5.202190176908301,0.570976074137635,1.1798599892993045,36.40790624925691,90.66759120363032,158.8075357551919,6.47752833614675,1.3712655874856403,0.5078058094711195,0.5309340741176257,2.3001668931177983,1.7164262328962636,0.0104558676180194,0.6426880584256321,0.0015890701787413,2.0698669987268183,0.1295841379498278,0.0674337649863928,0.2738687232482912,0.3691063901989647,1.595137099785955,0.3919265284975835,0.0239545075449825,3.638549575540049,0.2257745677933118,0.0322874582994812,0.1937114263419494,1.5295961463183612,0.3713522286321778,0.0748329715022069,0.7074396500475725,0.8284065571496592,1.4972911622518252,0.620060129498272,15.93362307620784,0.0147131209872427,3.1886301713929472,6.36831490283668,0.4174234107483172,0.0541421607483104,0.3954507544982575
157,10896,20260504__57472__15__128,20260504,57472,15,128,285298.5950028378,567515.6362210264,1.8165302067561124,0.0049986873494113,3.996618301340936,87.91267859272752,108.64786092086926,108.374063193472,0.4715105233476709,321.4644134832245,234.47243755719896,131.4956701891145,12.418864355245535,297.69500887421214,1.4479451752971004,965490.259679164,1920552.111311909,24.60895879961887,9.50387882921725,96.69361380609357,0.6126874279116766,5.364519171914433,0.6706516032490387,1.276585471954879,36.44614777480077,158.08053451109038,158.12570551099714,39.78544635293952,1.3499099339085532,0.8517382469938455,0.4465241103516308,8.095814617426395,1.6069629633199205,0.7715770846834695,0.5295698720556793,0.0049167050380639,2.0516482093069537,0.1929141788862801,0.0218500891734431,0.8749425701127808,0.2273092920676817,4.5789831320273455,0.2111784516664817,0.0276654413261284,4.568768536485232,0.3276487241616893,0.0323787628024913,0.2435780668220145,1.4482078847400115,0.4360674924887093,0.0628734390450755,0.7696461606579721,0.8107307015225647,1.5091682418135557,0.5005457111371541,15.006107207797246,0.0082117394830827,2.777940964799244,7.068641286445873,0.3329503826128267,0.1631433673871872,0.2787511638628421
158,10914,20260504__158891__39__3243,20260504,158891,39,3243,273340.6162452618,686293.099495144,1.5477837164544304,0.0048830283706716,2.162016237210879,33.881824857470285,95.57998013407496,17.640492212747926,0.3812369696710889,118.01837521093988,250.48462737632653,18.397828369671657,16.59168922123962,3.364814125714023,2.0970522692626523,579450.0182856062,1225273.0150897892,24.18453402788117,5.830995698830948,55.71442741655317,0.5066322525645478,4.897019028074056,0.7709206685439196,1.0996362742138994,36.77640373599817,71.64706908336628,167.70136653285937,7.139209410550472,1.4076618902267302,0.5871053532247146,0.5387385641562945,4.023087103412926,1.6547185836275955,0.1203039450474819,0.5386004644134612,0.0039114690526737,2.049266309208317,0.1871160998034752,0.0554245325394711,0.3759093144652621,0.5760169113208499,1.702525476848975,0.8935207181074559,0.0219817493946523,126.92326840127396,0.0667191774398955,0.0385070727716178,0.0636803080763111,4.779092484784743,0.141964524227496,0.2853694375170608,0.2202113347486657,0.9013537378930454,1.2665146510878205,0.9179015019652292,10.91293855938977,0.0493551471697846,3.0608240931621675,10.726335403497927,0.5127625605347527,0.1512999394652355,0.6016297480347506
159,10923,20260503__190010__47__1594,20260503,190010,47,1594,312892.9890006417,426037.9163177303,2.4562702596270416,0.0043099821594959,62.61107824353459,203.29763120056228,406.8698069943823,357.5463381711652,288.0764096139752,264.1587559100371,1308.8259175902915,38.30805379797732,19.911784320895165,5.578932991359543,1.4428906282616227,538464.3828881929,538100.018849489,24.310836988586352,1.8419543921610888,81.45881669725155,0.2168956847204687,5.343652737653162,0.3169593424498146,1.335646685011494,36.49449688892616,198.8006163189076,169.4872876464256,26.865099286134537,1.3549106540294678,0.5716614001633807,0.3097144102428349,1.8548344883689123,1.272905401964462,0.0013660981199874,0.2659717086656377,0.0008899195001437,2.0189180512155462,0.1401128431278743,0.0183688843047566,0.6242729625287365,0.3748567462672456,4.811096016304328,0.7045401946286752,0.0292943797497125,184.6267119481256,0.3224576774593586,0.0394182721190662,0.2692661638688524,3.016535612286869,0.3381988175420091,0.1007820436664387,0.363322539959756,0.8073719699942499,1.0623895363657692,0.6862846812787444,6.999342057097287,0.0614143818793133,2.949972258751056,37.32977709954734,0.6330620250287553,0.8557182750287426,0.8562065562787486
160,10939,20260502__92106__23__1994,20260502,92106,23,1994,996968.4444543289,740171.8876378466,3.000539800043172,0.0014343103753201,1.7794879574530733,2.2987541377013363,141.24408941843623,38.31644895909663,87.92581118735947,452.651801171784,1263.426318492409,38.37336088539932,4.707257690068194,1.312101464794872,1.3007048033614257,886178.5522448613,1238906.8789563994,24.89158342999575,7.973587810065548,103.98230097052172,0.2342326606564622,4.953185707279112,0.4052400689469347,1.0096651131003622,35.425431628296614,101.90961931819216,154.14652686026255,74.90269441356362,1.4214100422853,0.64854857304077,0.2462433784310993,1.4114494936073514,1.066416797498173,0.0083297674986537,0.5152850899313632,0.0038171029762545,2.103696020596596,0.1780036435999094,0.0453239915628119,0.3234934672490942,0.0651898303494565,1.2797239593321614,0.2227887472787167,0.025895924702509,91.73342246213753,0.6197562568278662,0.03812922892099,0.1736612084323174,1.906994381309095,0.1339730758248135,0.0772042570322743,0.5820700833512714,0.9261216190501816,1.875755016522883,1.4128489359990928,29.870734728643235,0.068445895087364,1.7618414008799388,5.003767436284202,0.2419362202509068,0.4567799702509068,0.6984791890009081
161,10982,20260504__181315__45__1091,20260504,181315,45,1091,450779.9421494225,644441.0179763756,2.7496506179484355,0.0069800254413188,34.59511818334891,145.72097428960774,222.30721188924528,170.2192036835323,10.304731867873183,374.4866742597951,989.619111807679,161.2402463084168,71.38313555020106,415.3922121286248,2.744114577282811,1950653.9950790063,1532747.6875542144,24.9453257303533,7.454624650874559,120.97562677077468,0.5924326184806957,5.561655775748484,0.8650663233362773,1.316229079387135,36.77905012797728,157.45688082518072,170.46673120300375,24.532349709110512,1.4497007639510144,0.6783149916830317,0.7194141050387708,3.973438069774421,1.8245008063012167,0.0450759260680128,0.7182468406645149,0.0025173166173391,2.075622971662591,0.1455611760967829,0.0788920784664131,0.4077601984678262,0.370632681580699,1.9487558469978847,0.3714236670630516,0.0231205707346783,2.1857983293270054,0.1982756954496977,0.0329062606206463,0.1654045108433101,1.6395465567090854,0.3005329608679229,0.0758838607810478,0.5298486528549895,0.8241301646935645,1.3486852434217318,0.5727992609678367,9.331242824654703,0.0037421547701776,1.858811597669537,5.377521741769439,0.187057073467835,0.0707554265321922,0.1392055109678495
162,10991,20260502__143966__36__606,20260502,143966,36,606,930220.4123299312,649676.3066073649,5.195060283927418,0.0054342998050832,850.9849848852713,61.91158800230227,581.3143315479584,48.01759064904568,348.2626622437171,199.51514941541907,3784.501075021282,50.16494174897769,248.19018601263383,31.877902979658817,3.2966864091752948,1049844.6117275949,1685051.8642560197,24.59588565618836,7.432047366940505,89.33217220872814,0.5148412775061703,5.199786537201326,0.5667961378185695,1.178878911867886,36.403540454687096,90.14762016497843,158.65186329376155,6.404775837264321,1.3700465987771029,0.5064380956866288,0.5279440560587084,2.2872132311017075,1.7139269381397249,0.0102802102110547,0.640506530101247,0.0019649903045985,2.03342830226999,0.1656669935919739,0.0101055152949083,0.6346972796697515,0.1628496178018468,3.113838344864381,0.1776001684736455,0.0259075196716974,3.5887617640633955,0.2243178938690063,0.0322604786701172,0.1927144853595834,1.521046768890514,0.3694484516190847,0.0742659487778713,0.7040058790376075,0.8279160184339498,1.4949046913998996,0.6176074359197257,15.816978031332464,0.0143452169504607,3.1680574626493567,6.318868175208963,0.4149707171697707,0.0516894671697639,0.3929980609197111
163,11093,20260502__110653__28__61,20260502,110653,28,61,461608.5501577449,333553.9085122371,5.028298949634913,0.0064304613657824,43.234605997105874,154.68740560042662,67.59599256770106,5.919649047637869,1.9094561766382032,82.18232624321585,3968.301476188972,80.41163313654361,26.33245879766914,127.63408952660726,1.060106596089854,735432.2757609524,943432.9224011264,24.355605368457248,9.215933441205886,108.10614671439008,0.2884209726775898,5.497023367664949,0.0557179773044197,1.1082078796591504,35.82913899801678,49.06388628064912,171.42382563258403,9.955673568177618,1.3644931157735,0.5966024712134305,0.5816481138937274,1.0674122906394838,1.2676986359317082,0.0263549852539626,0.3483216016855162,0.0048778702542604,2.0785670993903214,0.1522472824147908,0.1305887225917424,0.0205196991478769,0.1529368194887304,2.44115495380673,0.1766275422612186,0.0298338655085207,67.19111550499736,0.1944628429776007,0.0382393885656265,0.0626526785139121,1.758816257337673,0.3428982966874978,0.0991903647572334,1.3876786711929767,0.9513648101704236,1.5201629328958868,1.2412228241478864,4.05908496172505,0.0358904548721838,3.712723417039492,11.522019919505496,0.9990115508520994,0.7646365508520969,0.4990353241479018
164,11231,20260504__89307__22__3291,20260504,89307,22,3291,469280.8665240778,433649.5311208834,1.8054417461139696,0.0063534948906825,3.069673002184976,540.1006335574655,178.89591148982225,65.92866773849686,56.11779817216235,115.71456497152624,3182.149921530051,8.435576308368518,35.72837128090652,4.869548135989482,1.464416384408812,1093221.569354486,515699.1078265496,24.895306478721405,2.56121453376489,115.3930918261751,0.3534895383260372,5.556190650327694,0.2283427358006728,1.3804046659500755,35.35141798652218,156.75662079645917,117.11780997900284,7.239280761887209,1.2095922505679677,0.3800873347625834,0.5386232578255469,1.5462970055956449,1.977368332242179,0.0313754296816556,0.6152090133237811,0.0040421676993759,2.036040419773229,0.1881996147624805,0.0023659635897927,0.572425835124802,0.1674819989251017,1.6278760028595265,0.3878885655700318,0.0204671478987516,155.4050709338805,0.1280319466886695,0.038713676373873,0.2475609205870039,3.012630720915846,0.9498063747804526,0.0769524770619837,1.0010055441747456,0.827311707975038,1.421486939138945,0.946128852375193,5.3306610133581165,0.1133548747312794,1.7576627877672488,97.52042372843806,0.523277289875195,0.6251602101247972,0.8328476023751983
165,11513,20260503__33618__9__850,20260503,33618,9,850,574581.9422299658,674657.8528325944,3.045699438871389,0.0079283888439728,31.157580892702885,178.91124661286736,172.32714211821454,207.1411358753478,81.28429646293596,128.7683581853328,3169.222293220173,24.09883107034856,301.7046536145686,7.131459212589676,3.7715290419149934,725726.8844903643,1872137.13982266,24.35375040413473,8.238917234921693,63.93626371430837,0.5409878508792608,4.86412627724643,0.5664136921504374,1.0317184741311989,36.35794408488382,6.769775664532912,155.4144767343304,1.0736451197136263,1.3320771962955085,0.356805637178984,0.4176380810166855,1.2887151666273915,1.5843321097242118,0.0029686613806308,0.518403390201641,0.00102441751086,2.050743286269765,0.1252246783422028,0.0216458250725808,0.2996100646720032,0.2303902111967935,1.902582112598937,0.217080295493941,0.0239433662717202,5.077859312204256,0.1604038000504882,0.0326608322573579,0.170670165817354,1.5597852218414718,0.3785333085622939,0.0710257067013198,0.8173056530407982,0.8199607995655988,1.6411119015196158,0.5524407165779824,30.53726017566029,0.0007616152991957,6.791269349335205,5.719175244871114,0.7732428771720078,0.0896491271720152,0.820606158422019
166,11640,20260504__46573__12__1517,20260504,46573,12,1517,539912.4431494405,601671.2688082949,5.205847831606064,0.0164764707859967,64.5179446798324,30.53298212718749,94.34213268700871,2.087552969917536,0.1845895558538564,99.21016914959596,860.19651521934,185.8826019531257,71.9175230976735,363.0725912544272,3.1764215975923773,1046073.2503007354,938698.5777163614,24.26667534082444,1.4078838159227811,73.98800662308736,0.2103149462272226,5.441243837038607,0.5389784581790593,1.3473717756985264,36.40674190185844,95.91172862022006,133.7561110402139,1.182487009785171,1.020738224944581,0.5055134660941196,0.2869078531336976,6.246447019253821,1.8903594639080032,0.2317682506212469,0.6691736897870774,0.0018616784462315,2.0311863330601097,0.1043679935753685,0.0039184194576898,0.4596955607536889,0.3226923364522087,5.070174208866463,0.899158358403815,0.0270827318924632,34.46109723817895,0.1081271092404513,0.0323554582067094,0.079140751626841,1.5862144494948955,0.3811977984953275,0.3057670839702645,1.338105035055147,0.9932171378492626,1.6382337975116774,1.050070064246318,7.5528664620509955,0.0201081658869484,1.712467615047164,12.249997572506802,0.6198518107536746,0.697976810753685,0.9641325642463124
167,11696,20260504__30486__8__1814,20260504,30486,8,1814,833362.8151213451,267743.0194463112,4.860483214244918,0.0004002254385619,719.7297193748775,1.369645914528682,577.6884905601562,8.694466169802451,0.0542222787126973,429.7303852799873,81.65714236819755,141.9766405726793,3.257783528156189,179.986986876777,1.3871312161367522,1487153.6166558985,753410.905141791,24.78167715974748,2.631072981741664,105.0685966287116,0.2173535674037677,5.36556106851208,0.1889042526433691,1.2356044858722772,35.87757566286837,114.41529938730716,144.4220939464039,9.566582130975402,1.2940514653661948,0.5408488779386897,0.437491131823973,2.464595150961057,1.7034010878653745,0.0106484783021647,0.6969872320941256,0.0014655638859034,2.083625358118846,0.1243796370930692,0.2046760131575945,0.1944799646806937,0.5325307711915842,1.3087875635144528,0.864704445206652,0.0209584715218069,254.6392613587335,0.0565327610402119,0.0406094944552376,0.0613585271379454,8.096313576276495,0.1371901515671794,0.6597067500500832,0.1419858619470309,0.9633100554361392,1.173665037334435,1.267233870930688,7.283375722772797,0.1076876197021034,1.9311112882020849,41.85821471478917,0.2986840978193119,0.619284652180692,0.3480005040693106
168,11728,20260502__203022__50__2318,20260502,203022,50,2318,278773.14340410044,962193.5370319064,1.827866785690892,0.008965093639996,13.931460357211296,36.41379483848407,250.2072998588424,7.729477274153833,112.90983761533084,62.3921386272318,3301.419157645469,11.14537787478399,59.19938528382172,9.94723668404424,1.813331339028119,1152799.1697658694,673897.4565612841,24.86344902835628,1.3495916627709237,124.60605048973504,0.1637467375920713,5.424724951835356,0.2127780887898254,1.1863155096776972,36.275085435059246,49.37026700417905,170.2489157987664,1.0001452498137733,1.40646625905579,0.4302163219135183,0.3845292662088943,2.923155043188375,1.358707608560182,0.1248205296730053,0.2948837388612163,0.0046583608165287,2.01206291337291,0.1835417680444242,0.01356509112346,0.6025075241942399,0.3477728292334548,1.984073216265296,0.649428791144114,0.0213668721169424,213.19160548316023,0.0644545853391222,0.0379381296411366,0.1219099229999396,3.0553110053328667,0.825903332334652,0.2571374537595962,0.3581589713719368,0.958990682661151,1.0492989030722528,1.4721364304442437,7.503545169260954,0.1108839411291362,3.2182747930913083,24.991550567318075,0.6758127883057586,0.2734059616942462,0.9087229445557516
169,11953,20260502__102539__26__139,20260502,102539,26,139,457443.86820960295,288463.0365940484,2.1757052620257897,0.0010584167133977,2.6780986818547503,12.452934735940596,60.09541974935093,28.627019777931668,0.0879021997576731,242.23140009231656,163.5839513236791,118.09825381287396,13.729537647854396,431.4592677306245,2.167942337116002,1689307.843111365,1372169.182131739,24.77814790139928,7.730509612788495,97.0247778368134,0.689382704681192,5.172858836140111,0.6104525274563957,1.118473950975556,36.2277364255912,14.966975267023964,119.56347331167146,12.259238801353252,1.0025691184621304,0.5162465356350158,0.1381460781136086,1.7914971740606886,1.2912774536398013,0.0021043837756326,0.4546122201938917,0.0001889974878055,2.0611473717414803,0.1183307310061118,0.1079516946226842,0.3288151225611168,0.5207265735366798,2.4091885489796785,0.9696490246342928,0.0261983074756115,112.71719339002458,0.376830446403421,0.0376515883393271,0.4144915383574673,3.515169506012451,0.8886123488200257,0.1577975512708349,1.1173932034143992,0.8518151004877681,1.662009174810509,0.613567689938842,18.274328008058745,0.0047910183841734,2.5969081598017056,8.787910781338972,0.2161067524388631,0.3229557475611532,0.0705989399387923
170,11979,20260503__200138__49__3530,20260503,200138,49,3530,397939.2638466765,295439.0961168501,3.3564174872633106,0.002019776734224,530.2415587042465,92.30170436424132,365.1489676807657,497.40463082245424,2.882774853299348,253.9075119787225,103.75284592765472,28.447170955828632,1.7780082055702076,2.092255169154195,1.677354556507434,636984.9079990804,1288714.4753882296,24.55854174094865,9.530715431126197,110.98957996418387,0.420909531788103,5.666064090882928,0.1849614045728144,1.2606025307175197,35.25490587106796,75.90645065528453,119.53646179777286,1.3464323219005474,1.2205231329272277,0.4282919609084505,0.5459659375484553,3.3290613463870384,1.9877955915341312,0.2801150791389508,0.6380939580076763,0.0044538206964689,2.040541115952641,0.1597307108043821,0.0032693530960839,0.3038500767938167,0.1226704226737102,1.0194532066135988,0.3147079657372447,0.0228306398570619,85.23894645118285,0.2289480268717353,0.0400669602197318,0.3803441372490463,7.153056141554044,0.4526164884084243,0.6024037686807363,0.4595697950113102,0.908621577858765,1.060867316126641,0.7496508580437841,8.6810308541635,0.0065709259809385,4.293240911231608,14.603752718377448,0.8455639857062256,0.6307202357061937,0.8609789830438059
171,11983,20260504__21074__6__594,20260504,21074,6,594,277128.54511363327,349698.9269567131,1.822307273156656,0.0007611419590399,4.767117140361725,13.205303096289487,73.27746724737644,6.748196766868933,0.0219489624614764,121.29153497574757,55.66758335984679,33.74912318262604,2.3995921542605774,28.69493616004462,1.3459248087782,1177348.386534607,759293.0922249033,24.747188111174715,2.819514981291168,111.90768918766152,0.2456889525142236,5.57366718435387,0.2477862597937379,1.371327007644435,36.08920205901775,210.73770157345064,153.76561078954336,68.0484264086928,1.3812907991857002,0.837538527154848,0.6995542918133875,5.769465834358343,1.9399848488491669,0.1123302334398355,0.9998685007973658,0.0030293108419447,2.097760452349229,0.1528225449638947,0.2120343097675644,0.4505887308889525,0.4601969885333563,1.9964501552801632,0.4890556291861697,0.0229531529338892,31.072406043663992,0.0888091107551447,0.0358749330710283,0.0818988304579716,2.8379767740491584,0.14018440665174,0.1456769867101303,0.0213242142554747,0.8602349336777915,1.1173608562513,0.7235379496389625,6.6664117701264445,0.0218851846333396,1.9248735400200108,6.2113993375105725,0.3257784566110695,0.0093722066110584,0.4034151753610645
172,12007,20260504__38667__10__1803,20260504,38667,10,1803,320764.89264010923,738303.9825498598,1.7895786703503196,0.0100125040073872,1.9188679749511208,253.19543629485773,67.91547851630793,280.7305205407494,0.0225443165995862,415.9091322638234,3910.7748191421456,7.756363441573787,379.23900935990906,1.56586784447998,3.610775298144766,585727.8795669465,1802279.20709706,24.299599041014435,7.876582693992988,65.86729408838046,0.5235032096436583,4.975325241950779,0.5475301216800658,1.112847994163582,36.347357675972056,68.71178065669879,155.37789726046844,5.397699722577019,1.3344601953767494,0.5215946080380108,0.427529367301597,2.818958844437426,1.6001642661182718,0.029939377671211,0.5336490396763712,0.0026703655520447,2.0535288752966507,0.1576065297908956,0.0257792044279198,0.6180574854089581,0.2526030087546269,3.399357189635441,0.2393386445151748,0.0270204186040894,6.64058016094548,0.3562281915636412,0.0332453129730015,0.3187681909913141,1.7829110381451905,0.6973975956423488,0.0865852740453452,1.2180148545725349,0.8338103779182099,1.914378722365409,0.6270597020910524,69.70053041564925,0.0127601271886569,13.852521154290644,5.7335427502423935,0.9620206395910496,0.0010831395910532,0.9200284520910524
173,12045,20260504__33407__9__639,20260504,33407,9,639,487144.12798104185,253833.50541804943,1.9018694670796208,0.0013287170589067,2.121776275928531,47.27130335925122,152.98056919472305,266.3729870542106,1.1002293877752776,251.9726850641381,1954.2144081003664,208.77642104061783,21.17528168219143,80.35004150326526,1.32800237266469,882606.6092413978,560401.4307371966,24.264638916044547,2.8147113492635927,64.56514744549968,0.3769340426015928,5.20821860289319,0.9139430202947264,1.3094690088339522,36.30676916068889,197.25095656800303,137.81519057014725,18.580662969565115,1.070744522148815,0.4832367744740669,0.1424148689560324,1.103401901170045,1.457993393754495,0.0057477004845247,0.7025653930431068,0.0027453157354242,2.101627431409004,0.1844961584584883,0.0777153353766192,0.8591399779151246,0.2201714867490883,2.840912916150763,0.1177752515274878,0.0226734310291513,3.5362045373050903,0.0539135679357918,0.0357281711804335,0.1207157214547912,6.463801348090446,0.4513199033747803,0.7053958940807241,1.2827509059188138,0.918312370583024,1.7935789406989318,0.795663415415127,17.462439783852076,3.525331273142029e-05,1.6776564551299589,12.814354500950447,0.0998443970848733,0.5920318970848869,0.3957428345849021
174,12303,20260503__184756__46__436,20260503,184756,46,436,413772.228504274,627841.0319176923,2.059265869389008,0.0004929215427711,343.0881678829839,35.372353516449266,203.7445875710897,175.70201927848595,0.0449207968329829,83.14693426143262,1123.2845847370888,26.370694822342227,65.66266526073348,497.509655928334,1.123320305754684,856611.7730437658,1032776.9998481288,24.35466100495759,7.607913844280628,116.73500438777718,0.1652154398170792,5.284720430516943,0.1451628733108528,1.022001067901252,36.72059029903558,141.15861286266946,136.81838484764174,27.966317604909,1.0935868151485593,0.3768414403062163,0.6297139216610704,3.1503734934647487,1.6012271818652823,0.4703209609144063,0.2573218666571705,0.0013997913387343,2.066956259556333,0.1330881576003146,0.1310578835673603,0.9417214197531568,0.0879944918981026,2.2920637695739474,0.2911939564709691,0.0216340110725314,180.5529453950625,0.0553120523212055,0.0385166504610346,0.1181242025513453,4.076485293889473,0.2290508899908494,0.0455728875441673,1.270558425154397,0.9213520964506292,1.495614726548934,1.2823996739969163,5.890890288034012,0.0257339745370359,7.050257223857817,20.19617927960255,0.6490988927468907,0.949880142746886,0.0382590489968804
175,12335,20260504__53191__13__4039,20260504,53191,13,4039,268959.0022443119,318125.2559755935,3.1181561073950936,0.0015407461957143,488.46999641187,250.21376944329745,147.82847490398893,46.60371338400875,0.0723334178354251,62.8904443036553,902.8606133602418,29.102028466810296,10.385883154409935,180.37838666686503,3.4724886340832035,776348.4293440025,1062822.8808444585,24.336968270883443,1.3711855969254916,107.63743918021636,0.2640023922102795,5.486489552902676,0.9655181203907086,1.0972677384296767,35.83612268601203,58.38169238227204,113.0987857452973,38.71507080333432,1.2819866318761384,0.7091961122505779,0.8204795926973171,1.4755386712547476,1.4030278448995703,0.0111895410602524,0.2964957196979748,0.0043407938946291,2.068009205566136,0.1613286533574167,0.2065083394526405,0.0947318460741634,0.1927766076445099,2.1938850468770426,0.1574926684398578,0.029423775289258,55.76023366068598,0.2074009322720711,0.0384219331193163,0.0636900256194182,1.7587897177427207,0.3492771849231844,0.1044328564210794,1.37676520950385,0.9580067557851604,1.4792981096676718,1.1914115335741944,4.698212521754652,0.0259285269111286,4.527762320592587,15.000510914974113,0.909184971074164,0.8642525289258163,0.3906302835741604
176,12342,20260502__230301__57__925,20260502,230301,57,925,259797.37717114144,413451.8496770507,3.666033252943679,0.0013295001738539,73.8486103253291,517.737573788816,65.41031805591408,8.97609105094267,25.834913941506134,103.69597271484636,808.582949455592,200.72150654079687,1.3273180758443273,8.44753734422487,2.5917296114555866,786279.9769763824,1169418.42640305,24.99707788996392,1.462518636484327,76.71558785548095,0.4182899475011173,5.069596672788737,0.304551127702898,1.397501995800512,35.1188895561877,68.6526202742734,156.7592223788537,4.922407014967103,1.2949020891571412,0.9825485717603996,0.1192772205653733,2.060950160699701,1.7606624938232027,0.0116832361887516,0.5614375564806855,0.0048711186975065,2.0091502523628613,0.130430186450131,0.130154792070183,0.3656200104987164,0.3442998687007756,5.976842317481663,0.124763847879444,0.022945362395013,73.92364050417183,0.1346511309254717,0.0362047423845141,0.4545432813231899,1.2736696151780014,0.2233949709617486,0.4989054791382429,0.5392117646981741,0.9108603729002556,1.9464138391597432,0.6156200104987131,9.116953329781692,0.0188078453248081,7.949349255366982,17.540369152799574,0.5445362395013057,0.935161239501306,0.1253856354987209
177,12375,20260503__128154__32__1178,20260503,128154,32,1178,250797.27174444727,570666.168170326,4.01030446396492,0.0047891896102576,23.20712803084449,2.3777029874040285,121.87456104727298,277.77694453657256,227.45333737669296,105.56802797434136,83.40802871106168,31.84873812161744,40.51405983706315,131.04032696987585,2.254367058512221,510155.0247544045,622315.8691601992,24.797078047921705,8.632664448949113,87.99656044310632,0.1812468545297034,5.0296436872298464,0.2031166107979398,1.3737702743449638,36.3564710802101,34.85410477782863,110.50503882768874,16.263977067791334,1.3866543989701312,0.6616287046610502,0.2831416840905791,7.974635507511052,1.1484198354812003,0.0089959526560622,0.8896710672444212,0.0045598237418119,2.033316700826416,0.1141945217112407,0.0247626838984689,0.6280743141376122,0.464561661517445,3.052012189288173,0.1009833804190794,0.0216811337663761,73.82362617001048,0.59455280346361,0.0351063192632362,0.1127128652246627,2.011427881680515,0.3350325304735674,0.7904519982421453,1.052531897707383,0.8308304496724802,1.044719334999637,1.1158672828875822,42.42009128675003,0.0921169778793597,3.208499311506503,8.206419144862526,0.3282696266375885,0.925925876637604,0.9017108421123924
178,12630,20260503__155986__39__338,20260503,155986,39,338,406081.9597411642,954600.9373780964,3.0442529388776367,0.0079398997434371,170.22712081317613,36.23515548879007,544.4811230723893,9.28500808615473,98.45551894072698,71.59916514665375,866.1068298210276,8.204984743797695,13.48857469912338,4.70922011884953,1.3601070458908269,935587.4433562284,520499.8519101693,24.71332540435965,1.8550706740198728,118.65080256131183,0.2097461662313441,5.661315288753058,0.2832495445589394,1.294992369133901,36.39118044172907,113.386971265971,172.46709559330088,4.617585765939013,1.40414276474264,0.3839914021097421,0.4078756677847009,1.1832212266168374,1.4156410095873968,0.0067159586378189,0.3322886039101198,0.002391696948326,2.000277470007988,0.1680976108415202,0.0213698450043913,0.2000190771652178,0.5301676962991221,2.109466216585004,0.8198803051547633,0.0260529251466522,54.30691880649056,0.4216580049588351,0.0355932471824327,0.489008632715892,2.0115731790329003,0.639683780305134,0.0619734684164811,0.8178248544686337,0.8198866279330422,1.3982227465119492,0.8020698584152124,6.835929403983504,0.075705986574782,1.0646822663810895,47.342716414115,0.2263862646651941,0.909980014665216,0.4290229834151954
179,12747,20260503__253446__62__3590,20260503,253446,62,3590,380900.4755489474,370725.5606736728,2.801778979159838,0.0029102758345445,134.65625143402917,88.72593561569342,70.61874122693033,1.7527376466603204,123.9519274105901,380.8674710590925,212.843035274364,21.264836887605966,14.40941730260261,17.96854079832696,2.755093846742826,1401885.7776065853,519997.4688167818,24.20969018740712,6.925417453948816,117.2155365749699,0.2149354522354411,5.101789230907866,0.1671186234447129,1.1689324886600498,36.43413909733777,166.66695288517226,110.9007799399932,1.0248919177060551,1.3863239101288614,0.799799585429694,0.269888514771093,2.5801987075228863,1.3671655734552013,0.0137896187361227,0.8102017923448404,0.0041432267042494,2.0060073045675884,0.1037141434599905,0.1156408250917757,0.7543624716501195,0.2841989232599257,2.320687460096063,0.2078926016213281,0.0233737028415009,148.8931216724541,0.4981862276713989,0.031090684686849,0.0721233024295955,4.865572994273393,0.5467455834446198,0.2230234860368083,0.6952597271898826,0.8550717130800176,1.3139277903843052,1.4331375283498875,61.7574227334824,0.0212450433149903,1.3802093078922282,39.43921627472903,0.6694015341501084,0.5586258095998873,0.5586258095998873
180,12809,20260502__50960__13__1808,20260502,50960,13,1808,250209.76450065715,921210.3355751532,1.5002242776301085,0.0158958103499565,1.0025307210006706,413.42926103999366,60.11890966703152,349.25925785308743,0.0202749118440001,438.25247831498086,40.35624712892789,173.13378276408284,1.08778200586797,1.0145518929916892,3.501363338601852,501953.6089827949,1851171.348264804,24.172740038636515,8.933972864902275,50.30347714075105,0.6427767851726774,4.744192257591909,0.8498325041683383,1.001906438047718,36.68418677431234,1.113927790290726,170.08454995565933,1.026798712025889,1.4707330070867894,0.3352894236568833,0.8864151882859169,1.0155918805489696,1.966139854051564,0.0010510478885787,0.9312416584330142,3.847891309646967e-05,2.100604815457645,0.1008184063869295,0.3785215424455627,0.0086723451192969,0.5700471570715762,1.0171267886665458,0.8924150306873173,0.0200964890761929,209.0372637162349,0.051355684330352,0.0404669778275622,0.0623788970214751,8.807614582297823,0.1258982460418865,0.8630869140972415,0.0162428456670137,0.9906016565238576,1.0387638753948172,1.4534965638692896,4.153604304739833,0.1430977267678936,1.0350857110089062,103.8351855389054,0.0135551576192924,0.9549614076192938,0.0140434388692932
181,12921,20260502__246643__61__883,20260502,246643,61,883,257475.16954906573,523720.7920119188,2.326205328368908,0.00091725353596,91.43594680373587,2.0100941760684594,579.7904324447688,14.511885750643412,22.459611256870573,282.28731369690814,241.40371691244388,163.82269001732854,1.3574971743647046,43.12881550914906,1.4317415491823509,741656.424375902,1135344.5701804976,24.200608413458628,8.372247115992689,78.68306135966584,0.4515864731339427,5.405866616945121,0.1893938728368672,1.3997020823693371,35.21943598529355,143.72882240574987,122.56772129879523,5.168376722754856,1.2580918423435965,0.3462134899022208,0.6927691570035663,1.931528159617404,1.854046718898394,0.0663086704096228,0.511805182735347,0.0046423958453833,2.0207276924528736,0.1750231768423321,0.004004593778068,0.4289427059233404,0.2682203139459972,1.2208728875848858,0.5865741488239447,0.0221363541907665,166.3454382505527,0.2051454786331701,0.0364800885151565,0.3694884970109808,1.844131921574473,0.689375405192246,0.0531174954616076,0.7016916632926381,0.8749536463153307,1.2020614481759024,1.1960572940766698,6.109228004801579,0.1473980465134969,3.3905198121676365,40.90654816607981,0.7839479190766813,0.3400755184233163,0.3400755184233163
182,12960,20260504__101736__25__3432,20260504,101736,25,3432,675992.8008327939,295200.5444500388,1.9318452331093805,0.0019137220549764,8.968932464705281,360.02356446101163,417.5129499287084,32.430303824837075,12.7218014163266,54.79936461820489,70.52219072666361,35.845311995775134,11.15655908254688,499.2748346741466,3.404469247397807,972313.7643485158,1082800.3712676126,24.20342626325684,1.4050531694584507,94.86987525410268,0.2585999299180173,5.641294564543124,0.9920185876768072,1.1598675199665929,36.57182195802366,101.18876995728984,117.6386609177388,1.2173852210922878,1.3182640205040153,0.6182738557468421,0.6912103080411645,8.265077399065078,1.3256628977399043,0.0155482738425861,0.3300731548323834,0.0006139606879176,2.076367529083853,0.1642811668833507,0.1325385945431005,0.8371687999164863,0.1437075299498783,1.800248509556894,0.1907686390020664,0.0220287026258352,89.74067927256917,0.3368947659407272,0.0374739935178312,0.299942693704909,1.4395710690663357,0.2021446945984047,0.137671493155381,0.3961277426169254,0.9761209275167008,1.80828778502502,1.0993758311664887,30.4000029820444,0.0119034449874722,1.5133315978816444,20.285155911283336,0.3630265125835454,0.9606827625835316,0.8830460438335161
183,13328,20260502__114276__28__3684,20260502,114276,28,3684,635804.8444969198,371959.7485190241,4.741337817672608,0.0065544746073697,24.4998709069749,240.283615395116,66.0929785925802,14.35853207101369,0.9990705331942088,50.05761712913675,2041.1267718043723,29.98444527951496,93.46176533251602,204.2538590765901,1.5480870707700105,1348788.7407520013,573640.3507820613,24.40871592060525,3.815090316764637,61.26071995657757,0.6560183723534674,5.297459054210076,0.3167337790863497,1.3988233703408472,35.33464029885826,121.84041059435464,125.246921335709,9.119787328586352,1.0728086420389966,0.6944869140324844,0.1913050324146515,8.004462957208203,1.723438082818311,0.0266273918050333,0.8256810992305837,0.0002344344332393,2.045962197484675,0.138133576960214,0.0020603360415182,0.8095584258521228,0.2537038055112738,4.108202449804503,0.7096796173994201,0.0233399626164787,57.316377591074186,0.0641158666377376,0.0332174159093764,0.1830881659741811,1.3636646832144637,0.9017924038883528,0.2586647802121755,0.8695478913070736,0.9984351226704182,1.2146751399271127,1.0796017303978545,8.095505436722457,0.0227068611221808,5.76139156220847,12.052374794981434,0.908215011647835,0.7050662383521653,0.4799923553978524
184,13354,20260502__115448__29__760,20260502,115448,29,760,434011.3680405197,604790.6593673963,2.2079332909344336,0.0053523377624321,890.7925953937415,1.2643551877916446,119.3802612597845,97.15249772912892,1.159517803517936,183.18419388823696,3075.7575857150564,11.108998651121675,3.307712606643744,179.87832272767707,1.9425420137698093,952369.8139775108,1516233.8058657448,24.364975409259312,1.5981855056324163,124.84694625553747,0.3252643590992328,5.098362289745032,0.408464852193154,1.1336124901550888,35.002524028184844,204.84748959280287,154.32040523473387,3.412788889371765,1.2948743588614398,0.6455571299875271,0.2711142338083939,1.2522847745092178,1.883616321954893,0.2467347927777169,0.3153153341398074,0.0025144141855614,2.056420981766097,0.1196824194137706,0.1388976238090261,0.896531225387706,0.0409875147673776,2.1137954433662816,0.4279514543660587,0.022959452878877,42.84157917379724,0.692014255609289,0.0303388942605147,0.1157875247005292,5.308982249844231,0.2814835411897879,0.2633792419862469,1.2673172219572115,0.8259859325775407,1.2269705278540122,1.3296366941377036,17.57975103499797,0.0705984411918444,8.392669201461606,10.354006506775988,0.1063984621122945,0.9287577878877034,0.5933085691377054
185,13397,20260502__149271__37__1815,20260502,149271,37,1815,469144.76702483767,473035.3553193661,2.8889126297680745,0.0019306930944849,48.06308041817028,9.074834741117414,254.12965800806043,5.957059030513036,20.48866020440122,84.82252867087468,1439.652229069843,12.56176513237327,120.50698378697888,2.034748426470412,3.122019495352915,540879.5648663153,1777660.8149849388,24.17076985747873,9.456855200500089,54.68843734279051,0.6746426249000417,4.853838675848383,0.7686266554216011,1.0695116406524006,36.52108335534682,49.05601329577206,160.58076776323043,3.7846607241748416,1.3674354974268914,0.4875057090879862,0.4804958580888965,2.5365758399873526,1.63592983762551,0.0242993757868954,0.548251799283966,0.002597411133155,2.0193522253978866,0.1508838085868997,0.0484038347717597,0.451220898368998,0.3808299609786005,2.074363522788453,0.4924178517473663,0.0233598652336899,67.54663269065583,0.1042358001275007,0.038883249805441,0.0970549891160691,7.22214673478945,0.1731304291210187,0.787102742723543,0.1477248827166012,0.9960839453262014,1.0736072700505344,1.4619630858689987,4.1181445015474205,0.1356518847553493,1.1944642156491228,73.7283457588494,0.1249509766310034,0.7891115233689977,0.1825681641310066
186,13514,20260502__94724__24__516,20260502,94724,24,516,380392.677889266,386622.8689575573,2.576482773600228,0.0019936735327718,330.17483326886537,251.86486881012155,80.4709210781624,2.3752760633476955,8.497332946233353,192.6908926533514,1052.6432900232846,72.92074019285717,1.331656214216812,1.2514006390618146,2.790762675049459,1436311.1401756238,1002775.658393639,24.596386098280654,2.051822054947724,66.92790173967313,0.6465840668426002,5.657747579364403,0.1330530774824666,1.219940401279838,35.60239689507026,84.45893107168625,134.5420994050467,56.6268389482514,1.441450264996455,0.3933259724578398,0.1455902370653722,3.747003968409448,1.5726427457083627,0.126956392140751,0.6716929917305876,0.000119397327752,2.001289035848344,0.1748977121800406,0.117201006714787,0.5259252219496059,0.3225863831697644,1.4466083030199557,0.1539762308059195,0.029242700905504,168.37926267556023,0.1261361177226449,0.0339858610351956,0.1341085507332874,2.290938393864206,0.8116862118336965,0.7615394105501714,0.2454749982294491,0.8374116068899217,1.561914895761771,1.0380396218003798,35.11511135867462,0.1105294082924448,1.0001222372565897,5.190489063076572,0.7250513405504172,0.7133325905504158,0.549851003199595
187,13583,20260503__220577__54__3489,20260503,220577,54,3489,331017.8634846463,556703.4695783651,2.064495329345724,0.0046008516529362,7.501813242518788,73.24999615786858,132.21074128438033,86.73056324946695,1.0379699345299565,291.04523554240126,329.7065776265007,110.74440931997586,18.143529487260125,207.833151759908,2.023014295262127,1754708.0089212093,1113406.9391567234,24.96056710659387,4.6496186090748255,130.03218652543046,0.3748454433455541,5.674684319925306,0.429793454354318,1.3627538040511449,36.3616830719724,182.32201614710664,161.5291026421843,42.29305140777693,1.426794023466451,0.7733496284263581,0.8046657010373155,5.240642205638619,1.970587809179708,0.1041186504703977,0.9991207689380146,0.0031281725506393,2.1010985080735534,0.1578759510127874,0.2990092652131618,0.5318845101278734,0.5160057060767161,2.4573917903812146,0.6503310803565878,0.0243813451012787,74.02706119470375,0.1404117648645708,0.0379132296114064,0.1258848182345736,4.6498854093240025,0.2294388704427002,0.3131909779946666,0.3508883141790154,0.915751902025571,1.4076955033543643,0.7037595101278673,19.681477281295813,0.0235326765191691,3.5965242847672334,7.092614685018673,0.4381345101278524,0.0631345101277923,0.3912595101278153
188,13611,20260502__152713__38__1161,20260502,152713,38,1161,513237.0356337117,932905.4746762256,4.468866400134151,0.0014041746718978,4.568748943861334,7.168422383240007,152.65765720549845,337.6306831804433,352.66081893935285,135.90843502035128,203.19928231373487,13.57031464648919,5.761637728305545,166.99336333874507,3.398125929165253,1068150.7818922077,932905.4746762256,24.237519331954903,1.8754258841833973,106.87933856928584,0.4905617856691284,5.3876221291375845,0.2702013624143526,1.0127730629133012,35.11698799503581,126.55840165595347,154.0881561172328,35.337865592128075,1.3362025619197715,0.3906537272591427,0.1115726266231406,3.0457366038541696,1.592394215978368,0.4594139960556608,0.7471606155365582,0.0012924757864161,2.017048924172024,0.1613963907283229,0.0154615694146515,0.4680673427167567,0.5995904056300525,5.333520715644776,0.2353837119426503,0.0227412015728325,4.239376160868213,0.1275264563500443,0.0397463970198841,0.4831374175220616,3.029722272191208,0.2769983308178018,0.070298490293197,0.3381067798034792,0.95455096854335,1.873909993213397,1.0983389072832357,17.925164370608325,0.0045851014075113,1.4026866203330357,40.661450838955645,0.7571298427167561,0.7116201572832286,0.6139639072832295
189,13765,20260502__13068__4__780,20260502,13068,4,780,538730.7108448435,492536.06947003206,4.8273856881423205,0.0036410865131659,1.3538926089539849,11.281351681857872,227.1869704724208,2.618482900608788,160.96699289627608,244.0921072854222,221.3978928573133,98.6034165013301,2.9279656681824875,4.55657974573296,2.577367930808911,747070.2942337921,1420719.3559714905,24.85337996664427,2.0373215644368985,101.49010452439828,0.185568498791423,4.847082473495323,0.6337757864583187,1.1697694304610922,36.10101040944814,203.1203762693788,115.3856686293988,10.384539023799125,1.223072306410406,0.3424686742059073,0.9605700575887636,3.624008445947642,1.4929713602753527,0.526451270103277,0.2679106272095963,0.0018671399317364,2.061861945947189,0.1160263419902726,0.2616401699582146,0.6939548261527082,0.209408354308365,4.186116046718992,0.152995086114844,0.0223866236134729,56.56594677216145,0.1089208605827717,0.0382273367560702,0.3487242334709088,1.6316761651347278,0.467919151709924,0.1211809892186042,0.1454554308862131,0.9706269027305444,1.445190213815349,1.113174080097297,71.71075200347613,0.0119224010770919,3.769632251047337,21.17746647393525,0.0308688886527028,0.9879001386527192,0.5645602949027203
190,13785,20260503__124910__31__2030,20260503,124910,31,2030,264369.86561145145,262030.7181096864,1.743416631035869,0.0008464757798819,6.497645743607052,9.343328529013142,162.5477488587004,23.36192263062727,7.910601561426204,231.0645425508038,1482.834261285176,114.81483118662538,227.7190290867009,442.09080165907454,3.467034400980696,1651966.3870527877,1471402.700925287,24.75463317755129,4.616707970237188,93.77837127380027,0.2488668059339352,5.121168682153936,0.1248451344887135,1.0924931164403822,35.2629713212847,15.585804838402536,110.63331295194736,1.4736481146075244,1.0833434161040754,0.434480790550721,0.4910553987881403,2.1154746909470865,1.4072194889931264,0.028142847215283,0.5413685017502083,0.0032041876069952,2.0757959647682984,0.1798552365149044,0.247675341850027,0.9562672088990448,0.581708424660573,5.167978663859914,0.6483345968898726,0.0272830310360095,39.42071630532373,0.2253913297443032,0.0354600646083605,0.1453943642506287,2.168218038663265,0.2099537441495521,0.0788678500910117,0.1364212200413381,0.8046449957201911,1.0856437950400208,0.6344898651490448,7.685396221031058,0.0438307063348566,2.6952634561668023,20.890749849779017,0.5334156463990442,0.607634396399044,0.6911304901490446
191,13911,20260503__151652__38__100,20260503,151652,38,100,389540.5175604525,665856.3169237808,1.7985367665305496,0.0031610225047103,1.2820259033870138,9.395019809666444,98.3776781721869,2.9117302222036354,1.0697432928773043,50.72466980966245,630.6600835111308,13.109477296148969,89.12885568333311,9.525804753421252,3.4273259435870447,1058362.8934169738,1727017.6190020165,24.766886074964567,5.603734836645922,121.86348153635704,0.2881929733852533,5.645926541382219,0.1467762277620552,1.2984768727580496,35.3226263806483,120.40953943676672,110.192194738008,6.018575858753364,1.0870716848168762,0.4202027025365247,0.2256405725774368,1.0796961602797224,1.5417410064926205,0.0027212177684482,0.6688362798943444,0.0016157187780243,2.0941370271566164,0.197324296314515,0.0318622597399135,0.9336921818951284,0.4077534408629161,4.057121328533963,0.7207949319209724,0.0257724686939513,224.76075151814268,0.143318693986115,0.0386431725945962,0.0970650777696468,4.0081386028818535,0.1344794583725728,0.1703668986219493,0.189901257846804,0.8502149988790231,1.3323920187347769,0.5728523381451173,17.46958666047525,0.0158055477157321,5.864933064194318,12.313689990989772,0.8485343806048523,0.4618156306048768,0.97324296314515
192,14042,20260503__161577__40__1833,20260503,161577,40,1833,396931.0173052716,782162.2384818544,1.7637420645471316,0.0177991286706107,1.7300551181845072,131.88488756943727,116.34960047564331,31.69533438312016,2.995356880571302,111.70564186679044,1184.1636558522637,11.349019692062104,231.4787661736505,1.4973318520422565,3.235503360492572,728993.2149240354,1278507.1316418443,24.567586513638258,3.395626270206268,104.9410339210906,0.1678747626897712,5.615220748030715,0.0591568560332508,1.359954541620116,35.26859291479048,146.88528205866157,132.71757248342817,9.368017818129209,1.2807838257870063,0.452463185976915,0.5915461687872957,1.179672224554268,1.997621273972754,0.0025457144507952,0.7726557638301417,0.0017115057297485,2.0643332660293305,0.1549332395949709,0.0181942217249913,0.1225426040502881,0.4538181875698251,1.4297659788200272,0.9191679990998142,0.020141761459497,105.64626538080026,0.089640031924539,0.0368479686445531,0.1501709278122808,2.5845238096481773,0.4656514896174449,0.0858995540207785,1.1792216043295956,0.8002897708100579,1.951999578740928,0.7055823959497076,37.11531867695102,0.0618920468924567,4.121147454474876,35.82703397727454,0.3295738540502919,0.8266761459497098,0.1225426040502881
193,14117,20260502__229024__56__3744,20260502,229024,56,3744,428926.6810748964,344693.1501265739,2.258774573070948,0.0013011502715592,5.468032200547845,10.755748607415216,90.79879332353296,15.512825071355296,0.0609906772175704,162.16575430127875,48.587476382971694,50.46959276229468,1.1936439939467556,57.023164025052345,1.1410488625232695,1357473.0880338915,632170.0246620487,24.82593739424194,2.119500656595464,118.88020802229744,0.1836673416713861,5.651335765565784,0.155462063519018,1.39990346936359,35.798310673042934,197.24842686229937,142.8973490168911,52.62423289690421,1.292304377090499,0.7944752493687702,0.4549480400620602,5.25949990487188,1.7416139514849736,0.0898174453759003,0.7553517163721236,0.0029064800704553,2.091948052193849,0.1511471795341065,0.3536063595360108,0.4416475765910649,0.5957502647046256,1.992277397623329,0.8377084362663345,0.0230199913909106,120.68707431030144,0.0922724792466962,0.0386178889675014,0.0858341197101039,5.107909686659548,0.1493182840888822,0.3313362321160737,0.0317831697275343,0.9147943590682148,1.0728496618831145,1.0041475765910737,9.67032124976986,0.0175419260113358,3.146227892845715,9.052167869620318,0.3644991390910717,0.2565946109089074,0.2946749203410709
194,14259,20260504__244189__60__2525,20260504,244189,60,2525,310916.91919151234,377840.9652207461,1.9532648612921344,0.0015530449493898,5.665054795833488,12.559894073582637,120.76362502028418,15.82883544863132,0.7108875109658818,155.6711092116144,277.8727369018318,44.23799729643669,14.846621655804308,39.337422342471285,1.9400944784808407,1213727.6933919431,1068695.6348706426,24.741496927940627,4.395113579923684,109.05149367445802,0.3563824083489127,5.510482630279292,0.4003299674789984,1.3340139562364444,36.32296366775218,187.37895930531693,160.27243794331784,73.34698748908302,1.4179244499987855,0.9798834412352906,0.7757510830545995,9.325080925291529,1.956382975387344,0.5787266119066432,0.9826552628496356,0.0043599817970444,2.1021620828473413,0.182316823440888,0.3126521633439372,0.7743401094088826,0.5196821906453278,3.837952506817061,0.6566120664277048,0.0267668385940888,74.95653053052796,0.2621640055392423,0.0379161787034977,0.20623041614082,4.632014615621768,0.3736258810119434,0.3096773394204187,0.6739199031724324,0.9146336468817772,1.4478645670798342,1.0243401094088802,12.626554524392144,0.071326797661331,2.420044554130881,19.403669277029373,0.3778557344088789,0.2860588594088727,0.3778557344088789
195,14381,20260504__40111__10__3247,20260504,40111,10,3247,852483.847643817,457194.7036142599,4.338921778196945,0.0027316909802037,192.85761667445263,33.03736319568529,313.35112985035727,42.26172383692092,16.346170545065046,304.80330884008185,959.46521050995,55.08695009764269,71.98598104771415,30.67818916838052,2.777902870000448,993400.6040808388,1569361.236376874,24.53483455273557,7.841873587444388,80.74351450537029,0.6317641360608219,5.061666945549234,0.97655575373315,1.1090270058364158,36.69501392597208,45.98353184330081,166.90662772921834,2.101255093459088,1.4179406641267485,0.3739920235769695,0.6099058894838008,1.1217892259791058,1.7434611411182772,0.0010405390749141,0.6363398621954542,0.0003070843020447,2.0655366877966514,0.1117080922908963,0.0446814044886972,0.1727449854089427,0.3041655087546337,1.5271754851721946,0.2826691754684315,0.0228407311040893,9.228968349963855,0.1225610020232816,0.0337394535980014,0.1401471552300578,1.9148916686100577,0.3165317898232039,0.0914361717289288,0.7094211045725517,0.8345916279182067,1.5742088004904036,0.6172940770910538,25.478351149987795,0.0092445021886556,5.917948129849808,5.09570500649465,0.7293856104089566,0.0496981104089575,0.7850496729089362
196,14466,20260504__227347__56__2067,20260504,227347,56,2067,254313.57575470305,270921.0912247808,1.787910587937832,0.0009003330958325,7.020286424054777,9.800439913693133,163.70172143873893,23.24115678060148,7.502653798824322,226.2551965943513,1389.0661841223614,108.2040724209148,199.800332376228,376.7471356346923,3.6085622997922338,1731783.4113626543,1551921.2835224262,24.78977360897468,5.078187804395552,97.83366631657046,0.2773419454148148,5.178929325205041,0.1509284135401831,1.1193892016143023,35.39048116593364,31.60049560558027,114.44019484739944,1.0016367304605602,1.0394899716817294,0.3926154364221573,0.169383360934709,1.9915134597800144,1.3854722198250649,0.0221713391539548,0.5195727748438643,0.0029900568548212,2.0717739709472096,0.1747425433464244,0.191863404959044,0.8968394959642438,0.5855646350785467,5.8593302863305805,0.7492812742897197,0.0280433237903575,58.78894044922281,0.2815725072408943,0.0363339842943933,0.1766765162967008,2.649657930032253,0.2594065719965229,0.106232483173846,0.2893465806500582,0.8255149133071512,1.0827159907392898,0.5218394959642445,16.354992975365004,0.0138227993946365,1.5713701702840623,10.774129564163616,0.3206676209642441,0.3909801209642436,0.4700816834642446
197,14467,20260502__248915__61__3155,20260502,248915,61,3155,834361.6692885451,535188.7840478566,2.234928290668709,0.0047330002695628,31.68735391172576,3.3231293578727263,282.33911200247115,478.5138121308629,0.0883646970269914,74.57038080937338,4244.0869504848215,62.94100889167368,3.617705839716091,27.78082446497105,2.2322165625054167,741656.4243759097,1111016.4772215916,24.91388966345861,2.138508493178134,56.159717609664725,0.6328238179276089,5.467570883054891,0.0711874532782625,1.1752979176306568,36.24849848529359,80.7913224057519,140.41865879879407,39.73249506786138,1.169017532656412,0.3403158502776077,0.6927691570035416,6.903970959592346,1.0216564061015918,0.0105851086395363,0.755847275490955,0.0023888541546167,2.0405535575471254,0.170289323157666,0.0223019469256611,0.1164427059233399,0.4463453139459921,5.667380290701976,0.1189671563704309,0.0224488541907666,152.36726081713007,0.2277004288744589,0.0331449114848431,0.2183689470910642,3.383884571898817,0.1922501610699487,0.3348826590460969,1.354558336707324,0.8344213536846693,1.17120417682409,1.491442705923347,29.868988814067585,0.028383203486498,3.836993276127471,37.03916883608355,0.3098020809233763,0.5505494815766534,0.5505494815766534
198,14473,20260504__172885__43__853,20260504,172885,43,853,614544.6715794964,258128.2972338754,3.777626614498737,0.0004848693302527,220.63673446567245,2.1747515550416114,440.2942565188679,3.33300335857947,266.48364195976376,92.24703144233168,4761.4907234277325,22.11726286417492,244.16296754589243,12.822243319277304,3.07255544362976,976409.7049044071,1460194.1551216748,24.63068726276419,5.433809728645167,100.23690836488116,0.3446312072497897,5.425584621998678,0.2646739341178837,1.308736707958647,35.86155133708402,178.95076771808434,136.13389817716123,68.03713849808973,1.1687247184863832,0.9875846233250284,0.1850208748358246,8.691519924860087,1.198659252100337,0.3985568844665344,0.2963510265772783,0.0039728224005169,2.00534492864096,0.172229885510337,0.0022563436731461,0.650033230103382,0.056464436937971,2.918452664425039,0.6557882710012015,0.021663730198966,17.109540126124568,0.0938599774741456,0.0347655999061371,0.1173233526100016,2.28165968581342,0.2745529245758411,0.1101632998916298,0.6376097278552885,0.8432878960206754,1.5404532139844145,0.6441738551033882,24.134302693125527,0.0107862345155044,5.894736469723755,5.005682327541259,0.7444980198966259,0.0726230198966142,0.8167636448966147
199,14535,20260502__52461__13__3309,20260502,52461,13,3309,691130.623161879,403102.7946271731,4.219935276088431,0.0006257183434352,10.70535475172293,39.163162847970575,77.37836168555977,408.95588490033634,6.389231286221168,161.30296462236458,4358.530722928501,8.288829317286595,20.368400409847712,24.178772729776817,1.7220106620298965,538563.5289581358,1666199.9731721708,24.506473828550984,5.131484561424239,119.221705476436,0.1523133816589012,5.403108273216921,0.1042381441309304,1.0870626880477174,36.25350853818766,51.161462834708594,163.1115274947218,25.154984830334627,1.1877730461492937,0.8393190555530359,0.1205511630981242,2.4083478812173063,1.5504187396984568,0.0017052790815061,0.9988087117076206,0.0026812476494035,2.0574387998326444,0.1995233904880688,0.0031608062033446,0.5457817201192999,0.2256559679284211,1.174571162199831,0.6840339463849681,0.0237218702988068,52.75069737137359,0.4483310873133027,0.0327164895463122,0.2715638946297012,1.6234284752010957,0.2080709136704981,0.3605183107278245,0.2913743418329864,0.9740000940238588,1.676096964448938,0.9110160951192808,54.832601045619725,0.0071952419821043,2.989194210027512,25.04215836200284,0.0440620298807196,0.9659370298807216,0.5030464048806962
200,14555,20260503__41242__11__282,20260503,41242,11,282,281166.1605677345,982263.7587651137,3.931493162938742,0.0015450138790859,51.79909652484213,7.847105928712657,73.33986305155791,468.50991936294224,41.68889277465404,110.14301014054564,67.75819600581463,49.96350296862262,6.987979728841323,1.745457817418329,3.73300281315917,1428223.1801397337,801675.9287717198,24.6475893139366,2.535569897986376,57.37337448976819,0.708171884866582,5.4843610830176335,0.1376745329771133,1.22918696228872,35.58628989281521,20.03676936197516,173.27050192290056,33.41850854190759,1.1668243709562456,0.6235944114927066,0.2146929337081465,1.2501279619803922,2.018284885444472,0.1964738765297712,0.3967886390814752,0.002840422966109,2.035431470618488,0.10993958755282,0.4952203544685138,0.766876344278203,0.1984679434330838,2.8535892055028578,0.2171203663106171,0.0210183728177817,268.8010092676134,0.38080851129706,0.0336117234941901,0.1994773569852705,2.170633916600762,0.153041288116222,0.9796726489363232,1.0804628194894554,0.8651794186443726,1.572619844361111,0.8415833755281757,5.506885353742638,0.1486404233582786,7.714947419650441,13.976781623100448,0.5583189682218793,0.3440247817781474,0.1091615005281596
201,14802,20260503__69862__18__230,20260503,69862,18,230,643781.7012027479,449469.1568086508,2.5583371841161315,0.0025924605079602,26.92082626196535,53.24921163028203,247.28216471602303,5.679816883201909,0.3615143735470022,330.06645715292217,2029.7511227785965,9.22806143633761,1.690160317584176,447.4348032023815,3.7156941617360384,588041.2789127606,582889.3811450884,24.411788192055862,6.436554901134002,113.2841407659123,0.185994496288041,5.042711415770769,0.2890066782752178,1.236795882593555,35.91399269745865,107.5118541004128,134.58826928772172,6.130487877200848,1.3537254518150044,0.7232683345915755,0.1545815562463699,1.5685751536971373,1.9272527234678825,0.5138629275463857,0.2531683610212777,1.368428008049899e-05,2.094530205762295,0.1898142050233914,0.0062832882526,0.2009790435160711,0.4161313238903447,3.659987765779464,0.2544303335445723,0.0239922123101607,16.157483147758764,0.1879030935720585,0.0366419218224273,0.2143859963254028,1.9716483937062697,0.2322961414045475,0.5412623398995957,1.1139878484225323,0.8197651287967697,1.1293336211276035,1.4997045502338646,78.56260669057932,0.0149124815274184,1.2784061786102483,63.84948037304554,0.8078100189838899,0.2976587310160948,0.2913110747660958
202,15017,20260504__196830__49__222,20260504,196830,49,222,477814.2697845376,632402.7975198479,3.668923152585296,0.0007628079942751,2.5257260866042177,598.0361080693986,560.828585730901,2.806316165586704,0.1438672029094373,233.02515307999067,877.5955026265912,37.96356248862534,23.357777633133782,8.139044056300822,1.5064265752412007,1576033.7910092822,1640249.924591371,24.175248440765923,1.363072976397188,117.33347238331014,0.4945140953241987,5.058236639592636,0.144190273330641,1.203896556543835,35.85606037974504,139.02662190677208,153.45121584353208,2.2770544076637536,1.074489420724453,0.9856339895257136,0.964607793276078,1.4202604180334164,1.184618932360826,0.1112535858667767,0.6183913986438031,0.0024171133557021,2.054296514078384,0.1351049985109577,0.0118507413768278,0.8144773586404088,0.5059715714342548,1.0377624102906016,0.1020500674596939,0.0285446795385958,103.34851202965434,0.1136276151965657,0.0337385478200442,0.1834599286693978,3.124660364839815,0.3467706207189609,0.3296125339315154,0.939291739596598,0.8384717157719134,1.1861341355116632,1.473168764890383,79.52750984409181,0.0208044162960607,1.555900554288982,45.63400830117188,0.6669679538596289,0.4697507961403773,0.4985593898903933
203,15079,20260504__105911__26__3511,20260504,105911,26,3511,380341.3827760659,254765.49927931064,2.630198443773085,0.0007175024975897,49.68563950002332,6.195346621872283,307.65304997454047,13.672713389858323,104.75082990730364,180.11905773615928,4570.414927855806,73.74899904681712,198.2730534283165,171.76987012537725,2.6968387603120503,1902151.885564146,1166962.479581034,24.91736651802407,3.433481181430002,111.23942208870534,0.1952452227304238,5.356378068721193,0.0921676604539744,1.1972860101923273,35.12177040160587,79.48919584805581,132.68880102664198,1.3635268648547458,1.1102001332889582,0.416316295966159,0.1218957216934801,2.181806466124962,1.0506990452850815,0.0265262119897099,0.323310400719849,0.003051502997596,2.034051238549035,0.1746042787019207,0.0249368337018385,0.8817849745191981,0.355633484711529,6.179811117867735,0.5351366086253677,0.0284673065048078,128.33522638661304,0.3264779199476801,0.0409994394072117,0.2045963772839964,7.207693934603432,0.3089552186562018,0.4309599154654562,0.4252666606730999,0.918564880096161,1.1904831807303136,0.9570822129808144,4.406096657831294,0.0482010038221235,1.313964857008294,9.018498279317871,0.2392068495191405,0.0498556504808425,0.3749490370191312
204,15247,20260503__152326__38__774,20260503,152326,38,774,614740.0679820628,395812.49843715,1.6313408663887672,0.0143389278165122,33.90025838458407,24.741079305476248,474.9929702841149,1.6639268064468646,0.4859105227907067,231.41894862992768,146.21387995117345,90.05894977597224,164.75216212772904,2.833286068756548,2.1162619999042698,889973.5631118878,513305.30419853714,24.999513028089588,4.446366949003615,83.40186807301735,0.4965389200519601,4.903077364867816,0.0997573316633752,1.2999606272419617,35.62821346310172,141.3196956867584,169.43489510574346,1.4662650701541664,1.238599213620616,0.5773089515393648,0.1268870185999127,8.243545832914545,1.69996463930514,0.0099507058743506,0.6873806946695236,0.0012543906530244,2.015486019718383,0.1855858599354873,0.2003592191420392,0.4374015681048867,0.3492778091370591,6.141319031568502,0.1003151234300445,0.0239560624439509,26.72075594371173,0.0820948338615979,0.0391480554070962,0.3091000096944106,1.7630944108396247,0.4753611358851678,0.1273088974580243,0.0862706171531365,0.9837693761209764,1.534783620297293,0.9976570256451104,58.34451613492341,0.0128758602157347,2.2729973438042914,41.95598478063902,0.2723625056049008,0.7471687443951206,0.8558585993548733
205,15312,20260503__202509__50__1805,20260503,202509,50,1805,594917.5646686995,448440.4495903132,3.452367759033661,0.0018837706096418,99.43671946549532,10.712640624096329,301.7893883481823,8.550952431320978,31.48351346591502,104.44836952095694,1512.2953421935597,19.062105286899246,105.6053787622126,5.326339988509219,2.9049987325307978,701016.1424884022,1576813.1127166315,24.351246403239955,7.424061048871517,65.45430006085408,0.564565042140279,4.904236152319461,0.7515932087921634,1.0568789142120252,36.65552164425649,24.763012032373016,170.64298047490706,1.5234635612113896,1.4874822459665586,0.3580758644415239,0.985734111226812,1.0980820328118768,1.986768174580132,0.0011110471293059,0.9239950775721872,5.0732322349685554e-05,2.0972643185161863,0.1035537089469938,0.275718281061969,0.0609277144699398,0.5200839963180384,1.173528640346897,0.6940903965406378,0.0211170896446992,97.90411488864814,0.0717965684621666,0.0386969826408307,0.085859315551513,5.747489134124789,0.4443269364177228,0.0805838620113965,1.035794949742092,0.8426542928939871,1.722172411945757,0.7386620894699318,31.518366698116047,0.0396079071704893,5.763206194023256,12.544777281645477,0.6382910355300689,0.3148339644699317,0.612900410530063
206,15357,20260502__99253__25__949,20260502,99253,25,949,836542.9730722158,792091.1930517993,1.5040695692916592,0.0012883542510776,364.253306517793,38.36756552813301,110.15016562996928,32.60892736814865,9.186131135568374,101.71891643657408,505.9372014498946,114.79511525383433,7.834955108759973,1.3368322289016767,2.8445202568400543,1779790.2049867073,560093.0539250666,24.348454796687083,9.049501485083905,102.38508086092052,0.1424805898960715,5.207190038558242,0.3942379208866425,1.1569664383435712,36.418725911871135,93.61247517790348,156.86899492708324,7.163820438768902,1.0649565808918875,0.7216107755994263,0.9996269837030342,1.4650538763293377,1.1335108108197516,0.7852669825429429,0.6955559345049497,0.0004793257707053,2.0416304563389533,0.177327547085891,0.0277593789052617,0.3575839041410983,0.3926753424846423,2.5813517778693207,0.1639387883159484,0.0261930265414108,171.84443428974544,0.0966754733360924,0.030517407320552,0.3892838438225396,6.544992704276613,0.1261007727077837,0.1172305853318429,1.2001637842024893,0.9120769691717824,1.2932123418542787,1.0704745291410966,23.81643865900337,0.0447999143788396,4.107175755719809,70.3999780094528,0.3338223458589214,0.036947345858913,0.7970370291410875
207,15412,20260503__240629__59__3061,20260503,240629,59,3061,749923.6672702981,702741.3326256472,4.2183197579388345,0.0113008321018454,15.915420332604702,18.21411632026676,60.89358531054901,1.392651343369243,1.080657003688828,111.1898986559804,1852.52224610754,88.96628006131832,124.53880569921932,199.4598786202517,1.7118911561885306,935276.9838070752,503106.0138049615,24.21261400105253,2.91848363512692,77.95284742634672,0.4794896938558098,5.474450298456057,0.5547295211546981,1.340068117977117,35.717170312498176,95.35329002787056,110.1595664325187,1.2553883378698658,1.197744660288429,0.4898544550005171,0.62844489839432,5.641468987407521,1.8165676711716985,0.3504705336244872,0.4358498414557422,0.0022391327247139,2.000059457513935,0.1047435919942799,0.0181885317316061,0.352954705057189,0.4801321980343232,4.041176652398985,0.6300703528719857,0.0284626404494279,9.406085935205503,0.1621802745535339,0.030015314255629,0.0671250687450846,2.504698500772143,0.2587646301443084,0.5414641216717293,1.0574178370800704,0.9594871839885654,1.8485145251043444,0.8970452949428198,15.122152406779591,0.0005017995085782,1.121735785996893,64.39239076262407,0.4037359550571935,0.3568609550571839,0.8041265800572003
208,15463,20260503__116827__29__2139,20260503,116827,29,2139,900047.8523428928,682452.9012035545,2.28588928361716,0.0004370941487869,17.194816382221237,137.54789586325143,410.1129726906627,20.142559713022266,0.0486015283114452,91.80166543869544,965.4683987595308,202.3221979837801,35.02919201250874,4.498767766350348,1.2261345909177763,1007083.2769918152,1742548.2592358708,24.79070570120352,2.670302326463585,50.06149427187195,0.2175045303733892,5.471376382163311,0.6538838631920049,1.2026509026884442,35.19779261071358,50.97392782512448,150.36380160966112,94.41189974829136,1.3299353481528935,0.6562752505138771,0.1842537430757608,1.349247099969274,1.490805419151189,0.4280410466583105,0.7282730624334203,0.0018788394086055,2.0025657704624376,0.1371302430778889,0.1082472156148248,0.881627256721111,0.318038854032666,1.2833051057320175,0.1648183476031007,0.0261251336827888,224.89999312015885,0.2709998823302385,0.0331773920114322,0.0763437005747245,2.849468758417078,0.7359956345118747,0.5290811622329259,0.5588875344095557,0.8095285763442222,1.365472577647859,1.1994274307788897,60.19721341678032,0.0830253385081672,1.5173363496497878,9.24985257477532,0.5890758682788886,0.9406383682788848,0.6638538192211138
209,15773,20260502__152337__38__785,20260502,152337,38,785,397908.7930607552,576139.5947994652,1.833974482720038,0.0138226637501597,82.72911193707691,14.07445954047736,433.3547818050624,1.6319223980063202,0.818269392869285,186.19377691220927,73.3846477346553,169.3912015893238,40.52613773333576,15.850486935717038,3.26000305036188,534075.3909461049,867845.2314565051,24.61798848054509,1.5784129002708098,127.52573700678504,0.3173285970152851,5.206362245862414,0.7897122484620103,1.006523062913298,35.763628620035824,107.80097334404688,114.01020325776727,99.68611834489974,1.276018968169777,0.581603503857947,0.8962771875737056,1.0350047494982626,1.4689996847283755,0.0270231188840521,0.2613156283142084,0.0048471632864162,2.0555567366720227,0.1430370157283242,0.0390870199420528,0.983692342716736,0.0277154056300561,2.4871598875888634,0.2792512702404028,0.0200068265728324,194.4551994761437,0.1835956172208123,0.0362659282698841,0.4845271081351933,1.1936000439254282,0.3678422596226666,0.1628493770445212,0.0427942798034746,0.981386531456649,1.4761564130366152,1.1008798427167603,69.66142650291978,0.0163038514075148,4.314798132964191,16.915090727658434,0.061817342716752,0.8756826572832603,0.4303701572832427
210,15839,20260503__124036__31__1156,20260503,124036,31,1156,427171.1087379034,297415.45428771194,1.9403740149365505,0.0064994815025257,213.3102079692188,87.99994087529193,252.573166660727,2.0122436788166103,0.0290416993669316,149.2296564545881,570.8908352884285,169.90772942150724,175.00521239439058,8.820164026701306,1.440036590115402,694566.3064961652,771400.2505696114,24.8543304431763,8.158659144562431,97.09706427307418,0.2742042289355804,4.74068678659606,0.0625928699270681,1.234680616440378,36.17904554003472,175.08997641159758,157.61598873319747,2.999076492941405,1.0809166582915712,0.4887283522904845,0.5812629981352289,2.6582276195353183,1.9541008235068664,0.9204844801025602,0.4838304522162408,0.0020030157319952,2.0117782539817006,0.1186799197350948,0.094631152294144,0.774201541100958,0.4284478253394295,3.265606282728285,0.1338681818974001,0.0205099377139904,13.304512704002985,0.2059505270426423,0.0404705994541394,0.3853464638222473,2.299980234488395,0.2252830138572445,0.0898368581321336,0.4180618450413472,0.9620668707201948,1.8890954627724783,1.1022633026490352,19.371176031953805,0.0022291438348564,1.1741147041165187,30.84594359169224,0.6482249786009651,0.8400562713990238,0.7643726776490432
211,15840,20260502__156455__39__807,20260502,156455,39,807,799636.6887265348,384074.5908192674,4.465869258535569,0.0004002487277669,39.961869160458974,7.237552023651561,102.50192624298852,46.83959217320527,0.0436139434830427,424.1525090365646,258.6075550499481,93.42943283900718,64.76978281667718,16.62508753311886,3.744548131969408,609405.3424963605,1291867.7864398449,24.308471627413013,2.797515843205588,88.15182938186084,0.113781731593643,5.510254432818965,0.1038478584763412,1.3617823105840945,35.985322624150804,126.1157183595693,164.78237546181873,3.720748393559812,1.4111717474632364,0.3420010390647712,0.3294101876638316,2.1568774678206544,1.2121218815254533,0.0851505305187297,0.287733917271293,0.004764830492699,2.0435632345702186,0.1737463588960194,0.0040062052788061,0.7205442235398009,0.2567359658761364,6.037279493287137,0.131317608202425,0.0266031515146022,2.928012817713413,0.1261736008890823,0.0355089942714376,0.0665194326361734,6.372088807912593,0.2158592900850212,0.689353018339577,0.8091525379556983,0.9140942802920416,1.8905729279417136,0.7609010889602041,44.32494723869734,0.0073003835309698,3.676302839196844,15.6104793529978,0.1837526514602022,0.6678098485398057,0.1258176610398011
212,15985,20260504__117836__29__3148,20260504,117836,29,3148,984350.8926721896,655790.5835733955,1.7807393537875391,0.0021249996486955,157.21515085372596,17.850819022876653,143.6166313910773,65.12801711696598,3.111072787833717,80.23967760804754,814.4974432602664,158.4251676123177,4.560638424296911,1.2798048641406348,3.171807626879711,1597135.5704989138,505683.6685937428,24.406396619532032,7.919668933912962,97.45928413432836,0.1594348667534746,5.259333743920342,0.3406048184306094,1.139003605797818,35.85810387607472,164.31051080215747,135.09353582184414,1.602446924719071,1.342003351827459,0.7408355933388443,0.9546259443810052,1.4133293878708275,1.1454371423550582,0.8259345103029933,0.692282167563509,0.0004743689900273,2.041111310088579,0.1782567608244529,0.0298578605979755,0.3399909855054753,0.3797758413032723,2.7082817921743776,0.1755826788544491,0.0258510817300544,138.73426679165854,0.1081487038206331,0.03000699068431,0.3498300192441162,7.416504878168355,0.1357926280034916,0.0964248963211946,1.2945204327923487,0.9263377403989111,1.2195578109280716,0.9908698917554482,30.63107641227421,0.0579857271741821,3.219257583930378,51.85464254951334,0.4344230769945537,0.1414543269945389,0.6881355167554506
213,16216,20260504__43461__11__2501,20260504,43461,11,2501,645253.4975111107,466253.9851189344,2.6217774067271744,0.0008799996073378,3.589458966524683,1.3464287989045949,68.91644945432441,6.236954242514533,0.4534783451543162,174.40684412389103,1550.0217260833292,46.42687767087595,114.10212628706518,148.18856379093154,3.5840690446952626,1859973.0419729825,1343998.6708770331,24.750663003977035,3.3613269664742385,86.16124686539018,0.1533427548556213,4.939430226081316,0.0548452480869674,1.0178186577219146,35.49648052686253,62.02982609261433,143.44669192027496,12.058152958219653,1.3851826509694791,0.7926589851679561,0.9482824884562124,9.188949308058335,1.7427397819534172,0.1398482197037173,0.4868968126119977,0.002335860528476,2.0246764932036925,0.1219125230695209,0.0021756950697404,0.0289216443047882,0.1579779865828756,1.6710271195196102,0.3245962657769619,0.0252501539430479,71.22499054385646,0.3845903160213309,0.0409181900376472,0.4782817858248593,5.481583559844415,0.5689085786533538,0.209821855985335,0.675915947973288,0.8496844211390403,1.2554119744664458,0.5003752306952195,4.162548669429811,0.0371507466457191,1.9931185649802787,24.163858138612664,0.509390394304786,0.7437653943047904,0.7574372693047932
214,16225,20260503__187170__46__2850,20260503,187170,46,2850,774057.7723175008,270120.37076921976,2.979668526756136,0.0040709872758511,2.158484184792421,127.5847227925273,346.8847201636405,1.9694692776860263,7.791012360168145,173.31492172062642,53.411461124774576,110.49713414683032,69.88266042444437,2.74154616437989,2.346305570865736,981654.0487948152,504639.71375049895,24.887477666917405,4.955208533875034,67.25829834659754,0.3931693966929252,5.164752225733065,0.05748383578787,1.3670614320987502,36.07221139278555,56.97029338734015,157.5205137538943,5.759648293255726,1.0495918957889545,0.96848250258157,0.3541141611976725,2.098700448099552,1.8171676115528184,0.009570309391905,0.3090710187012544,0.0048795055362655,2.05256758768133,0.1375173111496887,0.2247175437939509,0.2737526697531189,0.1237366793981337,5.531406465610243,0.2771392148502147,0.0242839576774688,164.4761341855963,0.1055257962309313,0.0324258301485343,0.1052868646261959,7.292972464793454,0.2782047974664456,0.2003780658909688,1.346238449845628,0.8334614714506239,1.331230937486438,1.3162331385031434,10.953043205578604,0.0802261620370303,13.462962708910826,7.1850697947836,0.365895767746853,0.7630104822531434,0.2830300135031349
215,16275,20260504__11472__3__3280,20260504,11472,3,3280,637276.0087515684,300866.8882824114,1.765312279011345,0.0023880111609752,10.951680828940802,4.597380219295458,222.9837991962032,1.1338252003124654,58.65358469562792,78.88996295859354,4842.113815239239,28.84320456301796,103.9532140175738,51.6059040584254,2.094677306968929,1630906.1987548503,799482.6840362855,24.94098814306853,1.6639107816835568,106.91015576693188,0.1212668868244565,5.222530380897188,0.128936613293075,1.1096464883764,35.951370001725,11.84115446449437,157.7763600584369,2.112586173669513,1.4825874803798242,0.506098300216321,0.6467513064773825,3.9712813299971854,1.60373263226388,0.2828636352334306,0.4199902537558416,0.0048227295422048,2.0165309287947464,0.1746284189690983,0.0028212695611081,0.5280224709409943,0.1683427674354068,1.7757591792505436,0.3153791641366222,0.0209149903344097,56.16251540107162,0.0698644544041416,0.0402889207883991,0.1260543943068569,6.918381137017372,0.4004505851516523,0.3156144226150058,1.0941669781826209,0.881971681688196,1.9998147021806785,0.6915966896909898,41.626769839423645,0.0039997543588499,4.426235876524448,10.889818841111875,0.345405283440991,0.4631884665590147,0.1271435646910014
216,16328,20260503__244851__60__3187,20260503,244851,60,3187,497233.685713915,268198.10373622767,5.06687942593354,0.0042551155695637,14.845469920761548,218.2253151862957,86.15530691429693,5.995063791660537,26.74664048942052,92.15082449928752,1393.884811379112,113.55730859889402,2.9709067865094787,49.24772614761598,1.638750379739626,553507.9459374492,1804214.592077106,24.568709565922585,3.763116691847587,127.35345835630962,0.1067342742046772,5.143961050928752,0.2900268416159975,1.0566023133964275,36.529857986635896,147.38594485010643,129.40657714057187,31.77932606548586,1.123231694707561,0.4137093250754555,0.633376627856814,2.271692443940529,1.6568749425601037,0.5372561715115547,0.2835808826573754,0.0026811429575445,2.0490562536750567,0.1017482345991081,0.4564467569097584,0.5711932834910808,0.2578699674053402,5.064393309180183,0.133023281934279,0.0232138484150892,44.99747797439164,0.092309299730895,0.0384551551315979,0.3187754323058361,1.634255636191731,0.4906785895194457,0.1286665355600921,0.1491575281124932,0.978496469198219,1.4620962601493164,1.0538067165089058,79.78919091941643,1.4366851334668415e-05,3.23962629916993,29.045300209826458,0.8926739040089082,0.1083026584911093,0.8926739040089082
217,16373,20260503__168171__42__235,20260503,168171,42,235,462657.3872200448,479668.2549462176,2.8401310313111856,0.0039839280352717,44.88877891231878,9.677067963129486,144.97450083548824,78.8548424534193,18.507108400750177,86.80718809467442,145.8259311979323,113.0914469137332,113.46865167363528,2.16581049346223,1.2247394575331894,1823274.470102508,1753079.147061735,24.177567055395503,1.405262675249976,126.19895421589284,0.6881148465331745,4.843995091972781,0.0631228213310275,1.3345061486845649,36.53896251789634,46.926584947180366,122.25170951372549,27.673366410510784,1.3724276006780816,0.4821508201458236,0.2033601615844132,4.034564117721242,1.6461651559614503,0.022670531254083,0.4496893139743863,0.002452811233557,2.055001551276412,0.1567054940788582,0.0391636639062737,0.3753278717114185,0.2421889105268616,1.3768810447742574,0.4811597779476522,0.0265396900328856,4.3105449247827226,0.1070358240453609,0.0387727605986739,0.3076840190465454,1.3924115902613994,0.1768132590950399,0.7629633117200874,1.2382128546040347,0.8059249493422919,1.0833805426126963,1.47200755921146,79.921461307894,0.0128414442432808,1.16321740269956,76.11986068749522,0.8850934967114066,0.2008440032885377,0.1725236907885927
218,16676,20260504__7293__2__3197,20260504,7293,2,3197,293562.6633802957,251816.91562988347,3.2360048505668653,0.0016029149903433,2.413785641711567,196.5459115989342,131.6170953422728,79.3285200542446,74.39777376360404,85.51212572626271,1277.767389093868,15.708298698864285,4.385358993071066,81.62280093447436,1.346364314173521,1560379.1720672168,1309806.1893511307,24.46070351455497,7.137967070665168,59.64663214720088,0.2046998125516891,5.319337830706187,0.0688496696460615,1.375254329303594,36.02793073459899,99.09573203090692,170.4112346084979,1.01517485817789,1.2391089729097216,0.5607806714655135,0.1024239329687284,8.803931944452001,1.4690474085990983,0.0567362457145744,0.9087841658651328,0.0005695853662949,2.063418959765456,0.1356786051740999,0.0040455785629867,0.827489176740989,0.2058685060445982,3.6729549828585686,0.6513543257951259,0.0223110457325899,55.65525756112429,0.0940980496070744,0.0326925409308489,0.2718253645974561,1.6758083599917004,0.6843345316493424,0.3903236023547503,0.4876089025625986,0.9665334146517982,1.146105953343984,0.861963948259001,23.643911555601505,0.0163108765111483,11.830013411786137,31.529913777886,0.4654795732590031,0.949854573258995,0.005223551740987
219,16701,20260502__63720__16__2280,20260502,63720,16,2280,562648.0881489341,388068.3643540606,3.527920702022928,0.0010017524207648,164.53089473556798,2.646684135118337,408.1898744847993,1.5414759932405175,211.91361755744904,51.50587418578986,4945.9764000503565,9.6833292343188,247.28271058062515,3.0214572465192964,3.039544304157478,1838492.585617862,717420.4148213725,24.796393834347164,2.619801127506064,103.82953709700736,0.2310745770545725,5.317859258099662,0.2290331655973961,1.202853109173332,36.05113178917867,90.0180072368662,152.71803973785913,4.832673122587021,1.375514582164635,0.4430016865307521,0.6887824467360575,1.5033311206239053,1.938093032505935,0.0019213449802017,0.9956825376371164,6.00779271666596e-05,2.096922089555933,0.1070503945816671,0.1975749783041625,0.1530234770666698,0.4495921637599993,1.5475061946117958,0.4643022002113054,0.0231806253956666,26.63364425749755,0.1439091295410129,0.0355193784710166,0.1685430561158676,2.606652993837878,0.4024148638619387,0.1278516450046697,0.9073969303933472,0.8508406170866669,1.737932370529625,0.6716835541833357,45.71210368430161,0.0133746034400005,10.631291628117967,5.106705421484313,0.978218789566672,0.0758750395666608,0.9392616791833291
220,17102,20260504__246647__61__887,20260504,246647,61,887,844715.2827103914,560714.367422104,2.9340624114012126,0.0156411502892522,3.1630528154432773,92.8739982129264,91.90926307742748,9.01659557952614,4.727147902548598,50.07347428550376,2999.860133193353,23.42437306573948,90.15041979174488,82.2713742488813,1.6937242784370568,1829908.3996300765,530219.6555396458,24.65255662899632,2.46033953432376,68.17094012423564,0.3714758857721204,4.865039029166992,0.93861831996919,1.1928332134355064,36.11136485646198,177.3539468708181,127.12865470187047,41.48252492627379,1.0420571817561202,0.5488641549290698,0.2748617350244979,1.2587753113620943,1.8086849940394567,0.0058027239857848,0.814396170614588,0.0030451807929436,2.0527253703145925,0.1963528346088738,0.0044028745089154,0.6819794664112631,0.1269451326532481,1.8350818851225272,0.3681861168519099,0.0202700490858877,176.12694107824512,0.1368404588223806,0.0379744303805238,0.2869189340485815,2.3316571819575374,0.827281429678706,0.0472838047822984,0.777036877975729,0.8677056692177478,1.222119731755633,1.1930205335887374,6.344012223517472,0.1428730918366841,3.826036009298195,33.44487306484225,0.8629424085887596,0.2435029039112304,0.2435029039112304
221,17117,20260503__131256__33__184,20260503,131256,33,184,710451.5565270768,263727.6398240004,2.0251954281325903,0.0026205084284247,6.934564756785127,598.1819187206202,381.8352898263517,19.92365467116717,19.030783135975383,54.523225094269634,85.85559672337284,46.48836104180031,8.688864557098572,312.3667532142774,3.216805556914584,876921.2056562973,1150388.1221824891,24.26444022819802,1.5389633100759823,100.67863468662566,0.2363844326482996,5.571168041931869,0.8766856212669069,1.131635074513006,35.93430147220787,40.27051988310384,110.3710138077269,26.181619229213418,1.2550591425738458,0.7782114213640469,0.928452224896674,1.7902587757136237,1.833424784396908,0.0221896155369269,0.3615468006507316,0.0003516318810874,2.083228033379052,0.1589369344967476,0.0932148817018345,0.8915876862825017,0.1060463617695113,1.9949433359202635,0.219937372526955,0.0214649825121747,126.28643633860204,0.2895779274228817,0.0368157653303573,0.3390989733371408,1.2583871233983994,0.2288930048708443,0.1647418335498561,0.3117381767044806,0.987502775243501,1.7486868414033856,1.0434431550324728,36.6301356147547,0.0036600279423784,1.7880452380517695,24.081389009815894,0.2988420012175022,0.9863142487824788,0.8178849699675244
222,17189,20260502__232290__57__2914,20260502,232290,57,2914,998505.0182869142,422099.2244040457,1.886788108745561,0.0022542388854282,78.13846007493989,112.40142376913728,207.77791594016364,1.6609595824639942,0.3420638580175568,398.510563189915,3082.1870242126765,18.062610610925603,1.6147340182945673,28.871010292736017,2.67092077358273,1212609.492294476,920604.9363292434,24.32003636784858,2.8223678493196904,130.03567679295497,0.4836270297697537,4.91599315716373,0.0529515921583879,1.2560957458005186,36.4933663031873,114.4665203507267,131.65634151947836,3.628905041080032,1.2378732805633943,0.8961525594700757,0.5029878685109687,1.2035489560174395,1.1205137757080557,0.1652271359103457,0.917755559567309,0.0022040766149935,2.025660994550364,0.1379008895751279,0.0485751703577254,0.8011668854987101,0.3614618500492278,1.035191647488374,0.1649634770645686,0.0283848155200129,223.27878903032425,0.1231956405853518,0.0315726013654854,0.16678945883724,4.696349557547034,0.5355911572026625,0.2143242400170231,0.1648897978018431,0.8633017791502627,1.939287374316006,1.3636668854987124,8.27284555795439,0.0606291343873021,1.1226627410686512,31.31110818368116,0.7759815520013087,0.6029246979987142,0.4041942292486809
223,17212,20260503__218362__54__1274,20260503,218362,54,1274,674519.9798473038,384953.0529090111,2.1550015215279217,0.0073606086707269,2.778806984698875,192.65687884526176,229.8799612507937,11.238963374934514,423.25337929516223,55.30559741386786,570.5339025522602,35.44409490856513,2.019804807415339,285.81811498253614,1.52090257728515,1242950.6528960385,1412014.023846171,24.35573660434364,6.900404288304989,66.76348828324258,0.2133369865818332,5.369583258199687,0.0577658732369182,1.3697850540511456,35.8567123688474,104.16771927210804,168.0372569390596,1.3076857621912965,1.3242875195022994,0.5028724154513639,0.1657236577182626,6.42627401551171,1.2177816568359474,0.1891497946479601,0.6128699418287565,0.0016291491131393,2.097527219011053,0.1107275646122137,0.0294264031861,0.5403811148721337,0.0323142998267215,6.077717268210387,0.2394684495633585,0.0259340794762787,95.90549692058222,0.0763303352005666,0.0382999483614064,0.1082863224834186,2.084554835362724,0.5399440893683528,0.0636221749039274,1.2053805016790176,0.9089551292244256,1.2967131880518157,0.9278806038778552,74.87083109146556,0.0007837297308184,4.732436441212274,20.13531640098072,0.1559079476278655,0.8714358023721158,0.2771975211221127
224,17464,20260503__133396__33__2324,20260503,133396,33,2324,374499.46555360337,602288.6324881634,3.129956523495892,0.0015824520459972,340.118804695644,1.5532116954774824,434.9996791913416,3.777970613313119,6.940337733167908,156.87939716097085,166.13285438339017,99.13671287000264,1.0757895489095812,340.0672300920307,1.4322086369107283,1240153.8621717324,1076593.0856884436,24.479212115552,7.157364756223382,57.193845782126246,0.5668442238771288,4.92902727056812,0.3004631364510092,1.1902399254869884,35.56230928470791,160.7627073831034,112.10652162022726,82.78296886810823,1.124014220698831,0.7004772278940153,0.3405967022719138,2.4748040113304395,1.787649393771848,0.2785260674919098,0.2915170025037641,0.0045116493689126,2.0182202208790523,0.1619615030032524,0.0246117471030787,0.3369001862825221,0.4423911382304771,1.105665770425572,0.9549191274396968,0.0222852950121746,50.23854234343735,0.1927176455410902,0.0345599059553578,0.3241326968336099,1.3515396825345227,0.8515680425451857,0.071851034424659,0.8968555732955377,0.886721525243495,1.3752330804716464,1.2163224699674773,5.010410341148192,0.1498555970576184,1.7292582513409382,49.01214965575204,0.4902482512174638,0.435532998782534,0.772963094967466
225,17592,20260502__30533__8__1861,20260502,30533,8,1861,320196.07631655334,540258.7603055392,3.310303296751437,0.0006307160385212,608.9895689473917,7.897105106760931,191.107665893556,52.68083830393771,45.12851901973831,57.89535712379119,1885.8032076929649,25.12868528658428,8.572101095421726,158.5944957137321,1.113344231389663,1405057.0556972052,1028556.6704335232,24.42386482327097,9.212452919378954,60.69843949852053,0.3263001718310053,5.30158411680054,0.0810709292915984,1.3950007431426368,35.495059193015265,116.18633136559758,155.54456567559205,1.6488882214640126,1.4189563921047268,0.4791231426601875,0.2532313573449069,5.8926499409655735,1.036618419344132,0.2348057341687506,0.4832285282319304,0.0017539155392829,2.096973240567201,0.1088670017143407,0.0706955060951381,0.5281231421434069,0.123751114713956,6.011490700275471,0.1710807979225928,0.0259297060785659,43.75508728041932,0.0749757286968011,0.0397668173114225,0.1113197246708748,2.786508893995319,0.5624419698869088,0.0462716578266633,1.1692213509992309,0.8860933784286813,1.4120209483194657,1.369920017143406,4.560134334656719,0.1035940286784884,3.579402352142732,11.10817758254104,0.9226543921434062,0.1882793921434102,0.6378924828565895
226,17973,20260503__189332__47__916,20260503,189332,47,916,316081.41990368016,570354.435511431,2.5887686735579285,0.000400390649696,778.8929973110146,45.11179215868575,145.10781005620217,152.8736128235875,0.1705946055385504,81.86079312065146,1968.0495398661924,25.58833905279881,35.95494880418352,431.58714342535495,1.0035652489570022,905585.538624968,1136871.630960621,24.30840534796136,6.819752800560888,111.0207053691272,0.1533015646484968,5.369960543596823,0.1552360214185385,1.0190408149884975,36.732641420176186,116.09391493109314,137.38039311517574,51.80178200636406,1.0814204006580368,0.444164200049201,0.5741674753346757,2.154057725367992,1.65801575352695,0.6101218013726003,0.2681409468238876,0.0023815648748561,2.0577364105905485,0.1118901868778746,0.2309420852376758,0.7141167125287684,0.15893231623276,3.597887228509743,0.2139575666649453,0.0209545359997126,181.12659566479343,0.1869650271695014,0.0334401263184339,0.1671803315944399,7.910513773667537,0.156837821348124,0.1176141273544251,0.995661835040228,0.8570811550057511,1.70187098167827,1.380620618778741,5.371054997455452,0.0786246806206855,3.71050119386684,6.266635516916798,0.90795359997125,0.6662651500287348,0.3127387562212642
227,18079,20260504__23743__6__3263,20260504,23743,6,3263,728086.5750680055,260220.56980533697,3.648658506758133,0.0004830885751492,66.3986570283231,18.561324477138538,80.08379933813562,28.60799402607873,0.155523824364371,145.0331270763149,154.36376692457077,25.960012506151056,8.482342120765107,6.789275784606669,1.779404455339609,688774.5722057286,1015556.9971596204,24.29773986898721,4.319875339768888,56.14677219547509,0.3705841951475609,4.7403855500211165,0.4624769086075896,1.0310167423555578,36.45911825348221,32.79434219844233,166.9248335463925,2.908556213349914,1.484091036751777,0.4677381973308742,0.8888435630091814,2.432963568999325,1.888238755099219,0.0245387327160806,0.7521315461266093,0.0027021624044445,2.076042282025775,0.1617580918388894,0.0685909661172248,0.6947293558889154,0.3378498864666474,4.182424051739597,0.3061503121737429,0.0284902623088892,9.937741212289476,0.5760825996263497,0.0336480161477219,0.4965167240472955,1.7888414689408514,0.8448181967878275,0.0779925454952626,1.179332026755547,0.8200385038222199,1.7715703289075848,0.5230440816111148,31.425109621454908,0.0081156533833358,5.0142893946820415,7.587987124197507,0.5337862691110945,0.208401230888911,0.4566378316111099
228,18166,20260502__241279__59__3711,20260502,241279,59,3711,344033.72311065666,359422.61860612495,2.616712592648468,0.0005014388367954,76.9706960828323,2.5498659449829897,417.6061490250942,8.826632062804473,311.5376753644741,179.26673191753304,1489.4489968678768,92.40349496286576,26.20173334090749,396.6313229477292,1.5726699195692426,1587032.01434696,604474.3830939822,24.69212316406516,1.4932456874023456,84.03227113396323,0.1705927694150785,4.956443709528755,0.2077381539546176,1.006703746236225,36.20956286049879,39.71654574480564,166.084076034717,6.065792067495684,1.4533967875110074,0.6409886450814063,0.5106997151133639,6.3044453501146345,1.5136412700992696,0.9744390041610974,0.3789094381720675,0.0039607499529527,2.010161258377597,0.1588048428090548,0.0036356707273374,0.3839468655905443,0.1874053181456812,1.3956963709205297,0.3284307101841331,0.0202425625940946,57.26176821860471,0.0913476346401508,0.0401711157285039,0.1515102797946688,7.322962352335918,0.4669130102771603,0.35622284884616,1.1769275131732249,0.8926096856181082,1.956444558032069,0.7589468655905722,37.95843790803948,0.0082267954635797,4.236133439477023,15.370161912835052,0.1492562594094366,0.3429312405905357,0.3533578219094773
229,18211,20260502__63308__16__1868,20260502,63308,16,1868,743625.6898391885,504626.88760491257,2.171362436067596,0.0196738374846655,4.138328358247741,24.22040572890162,305.1425514866757,1.00423317200004,63.41405778107297,156.981643303229,169.06481811677727,206.06429581695463,3.2951939789539857,23.501057865795435,2.521807291073261,607462.4379077434,507292.8402818584,24.83886007190284,3.514760183052213,74.68934180924265,0.6947183572192606,4.925476445599664,0.2358325499289781,1.274728109173332,35.03597553917867,172.911680263134,140.297253230891,4.326384152709774,1.4845283865853651,0.4056613291086837,0.336926519619417,4.753950418584874,1.0305461575059365,0.2993369125821304,0.4780269904596274,0.0016391408228333,2.102304902055933,0.116973042918333,0.0388548405072852,0.6672890229333307,0.0238453362400012,4.7029412627473794,0.2869566982623422,0.0233759378956666,214.1718741325616,0.076262344265321,0.0360177309039833,0.2432593957514291,1.1197854436958283,0.7225379658065001,0.1805683567803391,0.4863031803933362,0.9891218670866664,1.1731438013453814,1.0568320708166683,27.849171769146576,0.0088910215600009,9.540626050093111,20.132423126339564,0.3571250395666729,0.9358437104333228,0.1404335541833361
230,18323,20260504__62508__16__1068,20260504,62508,16,1068,337098.8809659948,267073.038032207,2.374818618046849,0.0008435032270618,30.360227194003585,8.458781568092215,264.83314670056467,19.3646727989634,58.35955066914008,208.3956987555128,3582.502910804207,93.78202938675456,256.7170457752801,278.87268652819336,2.828106505781585,1010611.2312323882,1868349.1287779887,24.701072909043013,6.758371618006208,89.78367054839228,0.3700860938178832,5.086639784547781,0.2386134917344599,1.0842590638460323,35.67393720911483,14.327225713395013,124.95035871358174,1.4156969805021051,1.0459643477661904,0.4234623378586856,0.1123525177504318,2.299418204690116,1.1973285504772453,0.0326627776825395,0.3987154024965068,0.0032387538894246,2.050856894955801,0.179081718413492,0.0623136477859826,0.9338835903849304,0.4595489042309515,5.535217678229881,0.8109260403229408,0.0277998359711508,205.4253326741121,0.2685088800834919,0.0388537453495161,0.172397811938803,4.537669095344765,0.2565382815107667,0.2248343874769263,0.2908051609611615,0.8751373444230217,1.089905973586747,0.7326203158650978,5.059179060791228,0.013433086442263,1.7940967775499117,5.9269130191298265,0.3645476528848904,0.1965789028848974,0.5076140591349009
231,18368,20260504__15479__4__3191,20260504,15479,4,3191,458806.8826254754,258084.61758810183,5.120355692718598,0.0004925708609705,29.504123420310687,28.017567705290144,575.5640449113895,1.0030940157432264,2.1398910103098454,165.56964731590674,53.20239906830281,182.96520648847863,32.218447895147165,15.303005322362145,3.303443545690034,559832.9525994005,846045.223307298,24.66969483455904,1.7359744600311475,120.26884582024869,0.3678078173668523,5.089803557538724,0.5795038084289368,1.065426162739296,35.52932232581016,145.02352250182676,124.162424107032,38.97965009457906,1.3695908353285775,0.4505361475545865,0.5443129358521905,1.7603404026547371,1.2194323191716403,0.1987528697436748,0.3816531327583661,0.0035669385907588,2.0875215268759155,0.1192879905651729,0.0739341205083903,0.3276279068482515,0.0799857558910454,4.817505927893764,0.2438923730422058,0.0263135646815175,163.85807096504945,0.0669910455936851,0.036289647712169,0.1444145317536631,1.1243252611157262,0.8638638802978409,0.19282568873971,0.7690553054124551,0.9979474563696504,1.0550393356991394,0.9897549056517304,17.448735494290393,0.0046129360272376,13.556491762188935,28.828778828259384,0.467293968151721,0.9282314681517512,0.0532138443482601
232,18418,20260502__78732__20__908,20260502,78732,20,908,371389.3276720673,317110.6502379405,4.256908859433554,0.0016183300680566,87.213723952318,289.52540470749545,80.5792716377415,37.9469046622708,1.1572977568580272,56.91998115821794,3558.216915670163,34.918718074789126,25.66824534810699,495.9076034876661,1.0171929445373489,959089.8779655888,1022387.2595243554,24.21891989429848,9.127518971848788,61.993225610161865,0.3180340441277904,5.157883692198786,0.7052710902277037,1.0409586651739664,35.63124956497585,133.81551441720293,121.05482420429182,47.85995645411454,1.3493823524161477,0.4688661390978142,0.5864200434899891,1.6505589427357197,1.2439488160943246,0.1735077568077091,0.3734059349956848,0.0036237588728254,2.0867309993960994,0.1195943180815076,0.0735907972585262,0.332865412934909,0.0744995022390547,4.939940799443315,0.2538883403693268,0.0260951739956508,189.3550608542841,0.0618689334592429,0.035915140613966,0.1565783820565569,1.0206202122904442,0.9527620193104815,0.2256194463151521,0.6919962343910964,0.990262854913014,1.0605933788169235,0.9225056808150836,21.62592213131884,0.0159454369402352,10.977934594228746,37.63206460200726,0.3790486495650902,0.8360798995650907,0.1497599441849314
233,18484,20260504__179364__44__3236,20260504,179364,44,3236,550033.039302171,274684.4819449486,3.7521021024331054,0.0005449565412276,353.7890445967472,4.245436454455823,586.7298568419295,10.155480091564565,102.29999594165916,165.55296845971455,1154.0529059381563,67.64703009936952,26.88382230018987,157.29859052861633,1.7063049250921372,1894437.932318572,712443.4024700669,24.91047819783396,1.6241730841481985,109.67542915162316,0.1078779450129214,5.326233152638285,0.0871572799126745,1.1804897753115478,35.59179120298863,64.50137779011784,140.43003294931526,2.063280394835356,1.3113269033941586,0.3367953970921724,0.5934510966525862,1.3698284653955828,1.9378443872375823,0.0070944140073267,0.910884161775912,0.0021530574961055,2.08328389202006,0.1577584155471103,0.0680225456431597,0.724556811721133,0.2950510692173261,5.03102226121041,0.2211969456326237,0.0297797478047113,248.0234321362028,0.0842716591998878,0.0391797774148177,0.0678849728713466,4.812513450632189,0.1504529061588058,0.2405795830474362,0.3403560989095776,0.878721450155774,1.4065518832734,0.7466345945288764,19.9888133531108,0.0149492907418324,6.081144881453621,5.81123969594254,0.8310021242211009,0.1942833742211042,0.9779747804711304
234,18530,20260502__34300__9__1532,20260502,34300,9,1532,255260.1886890394,251568.30036724068,2.137468984592733,0.0012734458378745,47.64014473704791,42.87619028595495,434.1529365992766,235.75234171242136,32.505184237507265,353.16251875330823,2194.7798634486207,46.62235061237519,25.108962569782783,5.222967867194264,1.3871819339564375,517996.4928302733,532213.398216193,24.433119149747093,2.585721918138567,98.73170114252754,0.3442903561431009,5.622018459565851,0.7858365947385992,1.3233909029833266,36.40432389327581,109.59835045616332,141.5726501636921,2.82448251072233,1.1023512828942856,0.3580794281495801,0.1217771234806875,2.2779194746925726,1.384233940274969,0.0885374116384945,0.6316280067168827,0.0047027309002083,2.101768207584417,0.1767949913708323,0.1246502209366536,0.4764460074583148,0.2741488544749904,1.4089458767602565,0.1463561077610597,0.0210656180504168,2.030582012702891,0.1429566215562766,0.0345935665742084,0.2602245925119414,5.055427625405434,0.9611144588244542,0.9981262979310088,1.018391597941648,0.9415782639916646,1.4511488597881963,0.9163874137083236,6.165210687536543,0.0187325261187486,1.4742902627994734,8.49065807440691,0.4385930550416763,0.4581243050416738,0.7300969612916755
235,18598,20260504__96971__24__2763,20260504,96971,24,2763,785242.1324126807,262990.8458279076,4.7437528583628845,0.0006145828649219,744.3668069357707,3.224598374868815,540.5301754755377,4.916565418304486,150.48419540193478,106.77780733831584,1980.385696243974,27.543132097130687,81.72661561373748,19.261815714215416,2.407651510953436,1070641.2275935127,1130464.3620379954,24.68665818762292,3.722007031274643,105.71549945024456,0.2386980102580615,5.493584836741517,0.1509038594552163,1.3908518523504,36.49912722579072,62.64366924571247,168.10351592205018,2.78287459909795,1.491379268767128,0.392285498701063,0.8670958963616281,1.1905905835690165,1.8812566173001528,0.0010175617361388,0.7490663981794706,0.00035360965812,2.076144100247857,0.1143964119123992,0.0704591196662736,0.2172063066240019,0.3431137160256038,1.7133103492548911,0.3152201750507967,0.02363690681624,10.908129983422889,0.1583984820377902,0.0338734259396359,0.1784211195475213,1.8914116848457088,0.4177054706477315,0.0851477097337346,0.9193232042736076,0.8264806136752006,1.737194275407649,0.5591608808759931,44.35822654244766,0.0021121959935997,10.10300476780332,6.599254429434667,0.9496281816239898,0.1605656816239814,0.9771296308760008
236,18652,20260502__37048__10__184,20260502,37048,10,184,747958.3754120745,277650.59450116387,2.1237911090946544,0.0022663936024619,5.387468575280697,471.7736929540532,350.5623016057161,25.09169983082698,27.712005938432043,301.817294512308,40.09681456765759,13.60128593440576,22.48452628140648,7.477773190003109,3.5845480969880428,1608339.164610222,923216.4449795024,24.69968209190058,1.5222851898182466,59.54014574765881,0.3230613166998412,5.131916447590285,0.7090808539969609,1.3675830844756136,35.651833399083486,119.14385585292004,119.7010359682308,1.218744594887584,1.3339280371484636,0.5620851906481118,0.6442725566082712,9.888481063306248,1.2955371704233385,0.0286736074404356,0.3434168206729202,0.0001660776184452,2.079294283011038,0.1552258492439044,0.1144128623461785,0.9286985388109334,0.1283128732865704,2.1370170894691776,0.2019241111978553,0.0210938739868903,102.52267265698322,0.2625618761106009,0.0372239847081701,0.3666337496630846,1.3697631972007864,0.2474041143659099,0.1468329294727859,0.2597829831646761,0.9800806047378148,1.7125779818932214,1.0805540075609046,40.93745678203511,0.0092266558216432,1.9720244303680885,21.40231331213461,0.2617311486890705,0.9765748986890894,0.7807741174390926
237,18663,20260502__194233__48__1721,20260502,194233,48,1721,683821.3267632754,539916.6741880313,1.5061406726189883,0.0067392783811621,133.49946298091498,1.0045960958379645,216.78446739847152,89.6111948356762,0.1061010401439488,179.0361234286437,2903.5717541152667,12.42416207771532,10.341044978348476,254.510020518865,1.5555767094728212,853819.9768194474,1852137.6497658228,24.449423101030582,2.0469804800391613,125.33323013386207,0.2679596154121734,4.953672498180762,0.5121355358406147,1.2018492354364252,35.09606777730791,163.8167802186948,152.44147430787473,1.2592988965638214,1.3025031062202426,0.6976608367758812,0.1300163855763288,4.024870498913249,1.8525507710242888,0.0022579432156038,0.4605337596673579,0.0042028029429552,2.029888484890652,0.1436783161408943,0.4873984180268206,0.2858730885910552,0.1636323968453668,6.283754709076649,0.2817964960137193,0.0226881441140893,104.36879232979666,0.1656268946461355,0.0311522710254983,0.4537305837710167,6.565940550731442,0.4490107012136153,0.061521963626174,0.923215175972517,0.9243621177182116,1.0885099839490997,1.1555331614089428,42.12156050178225,0.0100684632886584,3.658375700696777,61.52226640013807,0.2311855885910552,0.4875644114089458,0.9538418385910634
238,18735,20260502__52452__13__3300,20260502,52452,13,3300,686932.9759465964,425821.6633401986,4.669928024015632,0.0004001826821346,30.47817437078525,11.692431696333324,78.74057746912958,118.746567566898,0.2964104823843307,351.57764739668914,924.9438116883254,33.78089993050805,4.676024306806554,402.7978834723343,1.1098593181434626,1118740.894497167,763956.0560931929,24.333228319886526,5.315949751164208,65.02490957799854,0.6185326982681615,5.300456179908076,0.2531226312045062,1.3824685619522787,35.27965552431235,139.8248652902943,124.41832113809004,3.5526123011304733,1.303888086663208,0.3754044816429732,0.9901983222151932,3.1137287730765992,1.6317804790515686,0.4292144859019542,0.3466246723693755,0.0036908226630965,2.015746747042352,0.13538871888693,0.037907759267474,0.0303901548807076,0.5502653429284167,2.156964657317537,0.4995900167929164,0.0279894484238068,5.846081512563575,0.4316203928925322,0.0307693502974375,0.1515233759114262,2.8235521426398447,0.136079508581977,0.6060213533484653,0.470475904332957,0.955445406523866,1.7278826089801629,0.8929496888693216,58.4777512989358,0.001300851767897,3.853024760129352,16.496212630778913,0.1268364076193203,0.7598823423807026,0.2574409361306877
239,18995,20260502__73992__19__264,20260502,73992,19,264,973080.5555489447,252668.6622371645,1.8492805144107447,0.0094825760753013,85.21561049824064,10.931207375326142,203.1342852010654,15.693117133197664,0.3667697113274261,274.8218146497997,3023.862051659308,9.089932250217249,1.6048277924010348,258.2799640620012,2.664181479200824,746800.7128061539,926792.7394503872,24.607822448911744,3.4184139588640567,79.76967063421101,0.3634864955868042,5.5351428558782985,0.0810602453241552,1.002209708059876,36.74116132586645,174.35278589673285,123.0065864876631,5.264696436111644,1.304148882576909,0.549931921551343,0.3725082418686072,5.332091640511589,1.2504280594075114,0.0018620476018471,0.9168093402890736,0.0045344572882485,2.0127679429891328,0.1276214011100316,0.0935527814206323,0.5406805201497318,0.2919979379101702,3.2900869882308497,0.2139101052474534,0.0217446958264968,120.41991533338071,0.684227001794121,0.0303957759971031,0.0913087587279596,5.957044122594846,0.4558834453946466,0.1566310089135762,0.7811332092904764,0.8829407915299433,1.278950798449416,1.2684015111003075,63.7417634440909,0.0072739530224502,1.327222277750499,78.23257609360572,0.7096258326497082,0.3177179173503074,0.4734796361003159
240,19003,20260502__124898__31__2018,20260502,124898,31,2018,551789.9821592955,466517.6824107599,2.2420384416892425,0.0008499893447865,1.4681098827945387,1.5121610243935768,95.28583010824356,7.395875457594999,2.0709603386080406,189.78638104484529,1266.0550664981222,120.47200254717109,339.94867589755927,278.8812883044212,2.779383835562752,1228982.6997238554,1017482.2801880172,24.49486871041241,2.1904958896434183,60.73783824762299,0.1004234549246054,4.86077554561246,0.1087800680086391,1.15222582856631,35.91989517149508,135.23242351514435,159.13334936338424,61.72001427415008,1.48137259160011,0.8455805159819633,0.7101809562017115,5.143186864507766,1.6013511861023255,0.0229998103256962,0.396564837994287,0.0009829193304211,2.008001952304928,0.1060740352665775,0.0054582982860899,0.3180645714157746,0.2634949928494649,2.90561121365624,0.4971443867499914,0.0283271300891577,212.2934544123717,0.5519552253185166,0.0386775592456764,0.2407723622020565,3.369300078287118,0.2816298390306719,0.1053244902480456,0.1931861625179138,0.8033792732168451,1.1431120818937983,0.7404278526657757,12.36242772580928,0.0746628107123661,5.3287477639253895,55.09786725480304,0.8913067589157744,0.9875994910842244,0.851369022334225
241,19012,20260504__19217__5__2833,20260504,19217,5,2833,641882.875027943,424730.0306219357,1.87062116213006,0.0130121703412352,43.37045371400147,8.548431167745738,240.00331405930936,188.75438142755465,0.0519458889456251,222.7978484784964,294.6157932144465,11.3125869350237,249.7261074794652,9.764930321973532,2.1339392356276425,1680619.3773438104,545634.5770890645,24.682683520269794,3.224333810513337,58.79939897667572,0.6522416616158754,5.129975331488679,0.2517453977052886,1.3622986046892571,35.05652120913281,124.32548951469344,140.21546547406714,1.436339078701622,1.488984141326397,0.5338306843121846,0.3223413261192767,8.649609713343017,1.000513054554126,0.0462991443385607,0.5050919743709199,0.0002368924413842,2.1043971197573472,0.1460434011723141,0.0278615719534734,0.9682465117231428,0.0184479070338835,2.6412991646327364,0.3455882847558347,0.0201612848827687,212.0809642491457,0.1830218053060074,0.0349039758710456,0.4994706776177913,1.1522039962268025,0.3453827646306389,0.2634050883955032,0.0211701164123839,0.9844756976553672,1.5358147934066255,0.9145659882768528,72.96050863800674,0.0139869767584695,3.3796400924338528,33.77212664857255,0.0463715117231361,0.8911284882768675,0.5541840117231555
242,19059,20260503__244894__60__3230,20260503,244894,60,3230,482969.4213446112,302825.53045123135,3.546530667759892,0.0005028590717499,368.0668678018064,5.119097894830323,516.1992175307346,16.59879516608092,35.17389326446508,222.7409186954199,545.4085132639823,124.211733809596,7.870057073241461,384.2156034371915,1.2164492960948603,1435621.9962106368,535308.05044683,24.63817031688992,2.149883297393664,79.41314683287244,0.2390751200511925,4.907095816553753,0.3396621832839163,1.0105085633964217,36.48866740398908,47.28633547510391,171.36867674994758,6.912771346591499,1.382747309198693,0.6560044143163003,0.3744018331850681,6.506999651755098,1.383715274591354,0.9322354596695192,0.3207600910436072,0.0039653226450445,2.001801370862553,0.1596287185258927,0.0065108997551052,0.3995098415089068,0.2463292513446459,1.456186870512422,0.4048797871536845,0.020059551540089,91.56209796871234,0.0827325986493052,0.0409903113815983,0.1378657343370083,6.255994314193838,0.418546312859711,0.2942925333631933,1.0936159093875026,0.8817574370517814,1.9785274124930845,0.7120098415089227,47.401103974437966,0.0022848746638352,5.252393160247076,8.903079299591882,0.3783221897411035,0.431736404008916,0.3783221897411035
243,19143,20260503__46211__12__1155,20260503,46211,12,1155,350850.8024345654,360156.39662112313,2.302769857379583,0.0107983163474635,500.5006556892901,40.45938277618573,192.89072545056808,1.0040626651150937,0.0414404296212898,189.98703749915475,927.339240908933,135.608825473553,154.42171631123503,119.62354141072936,1.4161742315089267,651351.2684669888,775993.9490337634,24.492328604640672,8.092102891893783,127.47624060491538,0.2809347993291258,5.184380175394147,0.05884347908426,1.0502609615738197,36.1275675290035,149.40784088412553,159.9784063753989,27.057579436166275,1.1035409896195243,0.3871594504655317,0.2348386588243197,2.767315361819765,1.9679187058593075,0.8640111572477956,0.4803155986354852,0.0019986911053271,2.011455873567064,0.1179363341434549,0.0888866295761089,0.7584649039345546,0.4402335576392676,3.4144127051469577,0.1427647645970374,0.0208333197106543,10.853651857965325,0.1850058376608349,0.0409605969942201,0.4271345584370256,2.595206552624888,0.253993599933246,0.074319506765881,0.3263039905083696,0.9481773557869062,1.8172470937158045,1.1800116585654457,24.775723628328624,0.0151365144098188,1.081308201445427,22.85468511037534,0.5494805289345345,0.9427069710654484,0.8714179085654423
244,19204,20260503__155778__39__130,20260503,155778,39,130,467477.1785322295,268844.6482750297,2.442678116445402,0.0006477573650213,8.231284946842491,3.4596145664989706,104.04778219504374,5.1850607414866,0.1099306613473891,108.29177155147416,64.04228370110336,27.889380705946422,1.1733321367798475,19.40981531225494,1.0603379723879596,1068847.1794925898,586354.3356591779,24.68362772064033,1.9012892211808083,105.22758806368802,0.1656935548092813,5.485221538753069,0.1332997153494932,1.3324923691339032,35.70866330827086,191.23072126596745,139.7627481566985,88.2398925660289,1.2682443272426327,0.9531531378317842,0.4078756677846828,7.683621306561052,1.694273822087372,0.2781605348523779,0.7091971878339463,0.0037198219483262,2.0872305950079872,0.1673163608415214,0.0121972124982345,0.8937309228347786,0.361417696299132,5.977657726988164,0.3400650860721647,0.0296466751466527,13.307224911711886,0.5290000677589168,0.034289565317568,0.3446005378156545,2.073742751352201,0.5950285421450542,0.0972073716447398,0.954050145531414,0.8355116279330589,1.6211756909880184,0.6067573584153008,20.15754894597378,0.0053934865747852,3.4483009460061727,5.585503991747859,0.3982612646652487,0.1056449853347525,0.3274604834152551
245,19374,20260503__167832__41__3992,20260503,167832,41,3992,906163.9895422471,624963.3248893928,4.182285455979017,0.0087725215011858,96.71755567413484,354.54353987110994,209.80671150988,375.26959727278745,1.3405261101021555,334.48481928203586,159.7795818207459,74.92633286112739,2.583469294594033,34.241646871437226,1.0406350330461642,920382.2096804128,573093.8957782043,24.42873966205672,2.067532526859005,64.68054038267644,0.2012400402189277,4.793800623196522,0.2129347287879085,1.029407749460606,36.08952659447473,42.81071658912264,157.00026878628586,4.578367207716988,1.4318579763610502,0.5514854500329701,0.9939110034721588,3.8653715751600335,1.890844988717848,0.140225711475295,0.7030178022554052,0.0042201359307576,2.0654442510804407,0.1972445154901527,0.0297561132576769,0.8991368763485019,0.5541702179409287,1.951119974230836,0.5898192025089126,0.0223214468884847,36.8958335822826,0.0657436945698521,0.0356527126710828,0.0642523108231671,2.4130180999055777,0.1695309624560649,0.0998619956198979,0.3941380606121689,0.825725812769692,1.4258766357191788,0.5002110950984886,20.067190050035567,0.019231031047733,5.810540112752903,11.3022913080918,0.7951990611515047,0.3850428111515675,0.9236170299015478
246,19405,20260503__34398__9__1630,20260503,34398,9,1630,338884.55898895994,305172.4628205358,2.2100132616604613,0.0054109049158181,272.7781668828429,180.48123887043832,270.1880803443114,6.07200346821155,5.820898571781545,67.68809372827393,122.46042430444965,26.41259357098863,91.45403468991326,290.1004610858976,2.6163950363742137,1095241.1982210632,661900.4334398953,24.20623087288473,2.498086759867084,88.30538081694114,0.5241996480042075,5.7197122147464174,0.3364946304730035,1.1910934741311947,35.20372533488382,9.378661835466453,135.86530842192022,13.565107954789044,1.461957959954488,0.9075845348425534,0.3536180839060502,2.453822025268904,1.0270664847242172,0.0024910863830507,0.4968291378675738,0.00327051126086,2.1041573487697667,0.1823925091577986,0.0254463966850152,0.3019524353279834,0.0367972888032057,1.5036100373255747,0.3830905781345458,0.0274199287717201,152.33547059825483,0.3487865600411136,0.0341002853823578,0.0956985381311429,1.4063554264251876,0.2344947902333532,0.3607161852248105,1.1618369030408255,0.9613670495655976,1.657643957855382,0.7848625915779763,5.837306373362617,0.0355665097008026,2.8420987419873103,55.80389451967913,0.9177741271720136,0.7189446228279756,0.5602532165779924
247,19535,20260503__186183__46__1863,20260503,186183,46,1863,396844.5683728642,431214.9302520863,4.123101544234987,0.0005114239716262,169.50238230106902,27.6375119083582,119.30652755105112,427.8505580490918,0.0986027626070311,185.3492239873975,773.9563500904414,10.279278630223716,263.52609816177124,8.433073000742155,1.8772374515241392,1513917.500856899,512803.8631511821,24.788185674729903,3.178686712357884,73.12375244816019,0.5810064868021371,4.903961210108066,0.3505400716193512,1.2493448179012514,35.345356966589435,195.1636527623368,126.63129288673105,8.492922488941614,1.3568900378048043,0.3361173956708252,0.6696636185464072,2.802726983511878,1.3768282560840628,0.5139329311562787,0.2817534809448893,0.0032015491512343,2.057484579868832,0.1184255142746871,0.4954984336136664,0.2717995447531283,0.3273499606481233,3.854653167211023,0.1228934058163474,0.0281609108024687,7.837697167915556,0.0520139953037835,0.0339604003202155,0.3442490033709628,1.245359709482806,0.5577187840377001,0.2493087365287033,0.3714337623456151,0.9983744660493744,1.2125947461072974,1.035817642746872,27.76934270682388,0.0119644432870301,10.671953309380845,16.532254541856265,0.4410910802468635,0.8323464197531371,0.0149636072531317
248,19615,20260502__99488__25__1184,20260502,99488,25,1184,713516.8330445947,301625.82692280086,1.6267218207115142,0.0058190104279892,406.4489848688102,23.84059522439467,118.90175900686918,7.492372640490892,3.983058571882077,358.99554958515046,956.1911319442936,7.919721724493325,2.646471652681781,130.23337226527812,3.685159523559622,866512.7053103693,657850.593261734,24.52123758612541,4.626384743658405,110.62266816251628,0.3001028735291492,4.801569727066751,0.1094619407161218,1.3530601883435756,35.287973958746115,194.7472408029055,128.88393145052112,1.576121463563448,1.2595825574543853,0.735827424972526,0.4548590844752384,2.87836857225442,1.1650243454302465,0.0120790684911849,0.975046636135194,0.0040974898332053,2.0210308469639533,0.100032625210892,0.0618241111097091,0.8201504708589371,0.3352534674846406,1.949177386293206,0.1824183149086524,0.0245979890835892,174.6959462181056,0.3346679585939622,0.0310921143518017,0.0751949932909778,5.189337599070996,0.8443635236315424,0.1871728082294295,0.365265903297527,0.8720379066717846,1.5708291620519788,1.319986247891103,25.723638337307584,2.430437115995832e-05,1.6888258024066036,67.65142872188426,0.9816073416410852,0.3605135916411078,0.1617831228910746
249,19716,20260504__169648__42__1712,20260504,169648,42,1712,900330.665405948,430559.8313109382,1.7647619454986283,0.0095293837721121,95.65566187542288,1.087624161944327,204.32656718772705,130.8038209386932,0.2933042502333843,131.03100177305282,3696.596485863473,25.40193291844185,2.314761801878628,167.14017438181685,2.3935606483305483,518576.3890861368,1064897.3458725207,24.809970726427604,2.17637844714628,84.56283383620823,0.6496904695133233,5.098460117875364,0.0791362394509504,1.3347444353059743,36.146490778513424,8.373535087165594,145.4505830378003,32.78920964200502,1.1186947852260778,0.5430593632962634,0.9200558970566672,2.252122641442708,1.1696134997232102,0.3549229201490337,0.5994971077193203,0.0002634070038246,2.0606027831685823,0.1744681880485067,0.0069518208165322,0.4579548382649284,0.5861986842089576,6.344201455052583,0.2184783679771819,0.0217963452576493,127.63169066005906,0.2552502930936236,0.0307245149396642,0.2087974765357176,5.3209178670348125,0.1919816015754088,0.1939705772715237,1.3862539610709,0.8652449698470134,1.214612030288031,1.3764118695149294,24.46760047924236,0.0118572882397401,4.847183949360529,49.0225636057042,0.1992717242350678,0.4843220257649362,0.9966350054850526
250,19963,20260503__108329__27__1833,20260503,108329,27,1833,787838.2063161505,394071.33410052606,3.3229954080920816,0.0032472159374475,16.704340991833035,115.42404340697824,96.61468541253636,364.9967960418609,0.0200282441168334,348.80335056074006,108.762231626458,61.01027643936183,11.96129161473366,14.432366711939888,2.2816915568503,680672.9992013788,1576285.3364021047,24.18285308428947,9.305713078982013,65.33954678754102,0.444369903564645,5.130605319152194,0.260238546682766,1.2422432425111,35.611626945825606,172.2795435308834,149.1640456820512,1.8756801719035217,1.487223708679958,0.3598230029781001,0.5933325083305413,1.8944498202782896,1.5770259647029683,0.0284146995860232,0.4113593918252953,0.0034577280313887,2.016133665734558,0.1898576856277754,0.0027070826029685,0.8943918937222461,0.1571148637666505,3.5758927361881385,0.2943671589100139,0.0248032939372224,44.5653079591905,0.1028500883162657,0.0397124704190552,0.0701251706319528,8.001290729655416,0.1652015175972476,0.3980932205861291,0.4869138487888487,0.8991908787444498,1.5668465311582531,0.7889231437222544,39.197668891118056,0.0122837840583375,12.896481951956456,7.441984320135245,0.824079393722254,0.3321706062777477,0.6170481437222503
